date,price1,price2,color,min_price2
2021-01-01 09:16:00+05:30,76.1,76.0,R,76.0
2021-01-01 09:46:00+05:30,76.2,76.15,R,76.15
2021-01-01 09:47:00+05:30,76.2,76.15,R,76.15
2021-01-01 10:07:00+05:30,75.9,75.85,R,75.85
2021-01-01 10:49:00+05:30,76.1,76.05,R,76.05
2021-01-01 10:50:00+05:30,76.1,76.05,R,76.05
2021-01-01 11:24:00+05:30,76.8,76.75,R,76.75
2021-01-01 11:25:00+05:30,76.8,76.75,R,76.75
2021-01-01 11:34:00+05:30,76.85,76.75,R,76.75
2021-01-01 11:52:00+05:30,77.05,77.0,R,77.0
2021-01-01 12:02:00+05:30,76.8,76.75,R,76.75
2021-01-01 12:15:00+05:30,76.75,76.7,R,76.7
2021-01-01 12:30:00+05:30,76.65,76.6,R,76.6
2021-01-01 13:22:00+05:30,76.95,76.85,R,76.85
2021-01-01 13:36:00+05:30,77.0,76.9,R,76.9
2021-01-01 13:51:00+05:30,76.9,76.85,R,76.85
2021-01-01 13:59:00+05:30,76.9,76.85,R,76.85
2021-01-01 14:13:00+05:30,77.1,77.05,R,77.05
2021-01-01 14:42:00+05:30,77.5,77.4,R,77.4
2021-01-01 14:45:00+05:30,77.4,77.35,R,77.35
2021-01-01 15:02:00+05:30,77.4,77.35,R,77.35
2021-01-01 15:03:00+05:30,77.4,77.35,R,77.35
2021-01-01 15:04:00+05:30,77.4,77.35,R,77.35
2021-01-04 09:58:00+05:30,79.1,78.85,R,78.85
2021-01-04 10:02:00+05:30,78.85,78.8,R,78.8
2021-01-04 10:47:00+05:30,79.1,78.9,R,78.9
2021-01-04 10:54:00+05:30,78.8,78.75,R,78.75
2021-01-04 12:11:00+05:30,78.7,78.65,R,78.65
2021-01-04 12:35:00+05:30,78.75,78.7,R,78.7
2021-01-04 12:59:00+05:30,78.9,78.8,R,78.8
2021-01-04 14:43:00+05:30,79.0,78.95,R,78.95
2021-01-05 10:34:00+05:30,78.15,78.1,R,78.1
2021-01-05 12:37:00+05:30,81.2,81.1,R,81.1
2021-01-05 14:18:00+05:30,82.1,82.0,R,82.0
2021-01-05 15:16:00+05:30,81.2,81.05,R,81.05
2021-01-06 09:49:00+05:30,82.0,81.9,R,81.9
2021-01-06 11:18:00+05:30,82.75,82.65,R,82.65
2021-01-06 11:40:00+05:30,83.25,83.2,R,83.2
2021-01-06 12:05:00+05:30,82.65,82.6,R,82.6
2021-01-06 12:44:00+05:30,82.55,82.5,R,82.5
2021-01-06 13:26:00+05:30,82.75,82.7,R,82.7
2021-01-06 14:22:00+05:30,82.15,82.0,R,82.0
2021-01-06 14:25:00+05:30,82.0,81.95,R,81.95
2021-01-07 09:43:00+05:30,83.15,83.1,R,83.1
2021-01-07 10:25:00+05:30,82.4,82.35,R,82.35
2021-01-07 11:07:00+05:30,82.0,81.95,R,81.95
2021-01-07 11:21:00+05:30,82.0,81.9,R,81.9
2021-01-07 13:06:00+05:30,82.0,81.95,R,81.95
2021-01-07 13:40:00+05:30,81.75,81.55,R,81.55
2021-01-07 13:51:00+05:30,82.0,81.95,R,81.95
2021-01-07 13:54:00+05:30,82.0,81.95,R,81.95
2021-01-07 14:02:00+05:30,82.0,81.95,R,81.95
2021-01-07 14:03:00+05:30,82.0,81.95,R,81.95
2021-01-07 14:04:00+05:30,82.0,81.95,R,81.95
2021-01-07 14:05:00+05:30,82.0,81.95,R,81.95
2021-01-07 14:33:00+05:30,82.15,82.05,R,82.05
2021-01-07 14:55:00+05:30,82.05,82.0,R,82.0
2021-01-07 15:01:00+05:30,81.95,81.85,R,81.85
2021-01-08 09:21:00+05:30,84.15,84.0,R,84.0
2021-01-08 10:19:00+05:30,83.55,83.5,R,83.5
2021-01-08 11:24:00+05:30,83.0,82.95,R,82.95
2021-01-08 11:25:00+05:30,83.0,82.95,R,82.95
2021-01-08 11:50:00+05:30,83.0,82.95,R,82.95
2021-01-08 11:51:00+05:30,83.0,82.95,R,82.95
2021-01-08 12:22:00+05:30,83.35,83.15,R,83.15
2021-01-08 12:45:00+05:30,83.15,83.1,R,83.1
2021-01-08 12:53:00+05:30,83.2,83.15,R,83.15
2021-01-08 13:13:00+05:30,83.3,83.25,R,83.25
2021-01-08 13:37:00+05:30,83.0,82.95,R,82.95
2021-01-08 13:38:00+05:30,83.0,82.95,R,82.95
2021-01-08 13:48:00+05:30,83.05,83.0,R,83.0
2021-01-08 13:58:00+05:30,83.1,83.05,R,83.05
2021-01-08 14:21:00+05:30,82.9,82.8,R,82.8
2021-01-08 14:22:00+05:30,82.85,82.8,R,82.8
2021-01-08 14:47:00+05:30,83.0,82.95,R,82.95
2021-01-08 15:12:00+05:30,83.1,83.0,R,83.0
2021-01-11 09:38:00+05:30,83.5,83.4,R,83.4
2021-01-11 09:53:00+05:30,83.4,83.35,R,83.35
2021-01-11 10:29:00+05:30,82.65,82.45,R,82.45
2021-01-11 11:11:00+05:30,82.85,82.75,R,82.75
2021-01-11 11:30:00+05:30,83.05,82.95,R,82.95
2021-01-11 11:32:00+05:30,83.0,82.9,R,82.9
2021-01-11 11:36:00+05:30,83.0,82.95,R,82.95
2021-01-11 11:37:00+05:30,83.0,82.95,R,82.95
2021-01-11 11:47:00+05:30,83.15,83.05,R,83.05
2021-01-11 11:53:00+05:30,83.0,82.95,R,82.95
2021-01-11 12:05:00+05:30,82.95,82.9,R,82.9
2021-01-11 12:32:00+05:30,82.9,82.85,R,82.85
2021-01-11 12:45:00+05:30,82.9,82.8,R,82.8
2021-01-11 14:35:00+05:30,83.2,83.0,R,83.0
2021-01-11 14:38:00+05:30,83.2,83.1,R,83.1
2021-01-11 14:59:00+05:30,83.35,83.3,R,83.3
2021-01-11 15:21:00+05:30,83.4,83.3,R,83.3
2021-01-12 09:53:00+05:30,84.5,84.45,R,84.45
2021-01-12 10:31:00+05:30,84.25,84.15,R,84.15
2021-01-12 11:10:00+05:30,86.15,85.85,R,85.85
2021-01-12 11:32:00+05:30,87.05,86.9,R,86.9
2021-01-12 12:05:00+05:30,86.2,85.9,R,85.9
2021-01-12 12:30:00+05:30,86.55,86.3,R,86.3
2021-01-12 12:39:00+05:30,86.35,86.3,R,86.3
2021-01-12 12:59:00+05:30,85.85,85.75,R,85.75
2021-01-12 14:38:00+05:30,86.4,86.3,R,86.3
2021-01-12 14:42:00+05:30,86.35,86.3,R,86.3
2021-01-12 14:49:00+05:30,86.35,86.3,R,86.3
2021-01-12 15:07:00+05:30,86.2,86.1,R,86.1
2021-01-13 09:38:00+05:30,86.95,86.9,R,86.9
2021-01-13 11:36:00+05:30,85.5,85.4,R,85.4
2021-01-13 12:56:00+05:30,85.65,85.5,R,85.5
2021-01-13 15:27:00+05:30,85.85,85.75,R,85.75
2021-01-14 09:16:00+05:30,86.45,86.3,R,86.3
2021-01-14 09:26:00+05:30,86.95,86.65,R,86.65
2021-01-14 09:42:00+05:30,86.2,86.15,R,86.15
2021-01-14 10:12:00+05:30,85.35,85.3,R,85.3
2021-01-14 10:19:00+05:30,85.5,85.4,R,85.4
2021-01-14 10:58:00+05:30,85.95,85.9,R,85.9
2021-01-14 12:59:00+05:30,86.0,85.95,R,85.95
2021-01-14 13:19:00+05:30,86.0,85.9,R,85.9
2021-01-14 13:59:00+05:30,85.95,85.85,R,85.85
2021-01-14 14:00:00+05:30,85.9,85.85,R,85.85
2021-01-14 14:16:00+05:30,85.85,85.75,R,85.75
2021-01-14 14:17:00+05:30,85.8,85.75,R,85.75
2021-01-14 14:19:00+05:30,85.85,85.75,R,85.75
2021-01-14 14:20:00+05:30,85.8,85.75,R,85.75
2021-01-14 14:34:00+05:30,86.0,85.95,R,85.95
2021-01-15 10:37:00+05:30,87.15,87.05,R,87.05
2021-01-15 11:03:00+05:30,87.25,87.2,R,87.2
2021-01-15 11:07:00+05:30,87.25,87.1,R,87.1
2021-01-15 11:14:00+05:30,86.95,86.9,R,86.9
2021-01-15 11:17:00+05:30,87.0,86.9,R,86.9
2021-01-15 11:25:00+05:30,86.5,86.35,R,86.35
2021-01-15 11:26:00+05:30,86.4,86.35,R,86.35
2021-01-15 11:28:00+05:30,86.4,86.35,R,86.35
2021-01-15 11:59:00+05:30,86.25,86.2,R,86.2
2021-01-15 13:14:00+05:30,86.55,86.45,R,86.45
2021-01-15 14:16:00+05:30,85.0,84.8,R,84.8
2021-01-18 09:17:00+05:30,84.45,84.2,R,84.2
2021-01-18 09:29:00+05:30,84.15,83.95,R,83.95
2021-01-18 09:51:00+05:30,83.35,83.25,R,83.25
2021-01-18 09:57:00+05:30,83.05,82.95,R,82.95
2021-01-18 10:20:00+05:30,81.7,81.65,R,81.65
2021-01-18 10:37:00+05:30,81.2,81.15,R,81.15
2021-01-18 12:11:00+05:30,82.4,82.35,R,82.35
2021-01-18 13:23:00+05:30,82.35,82.3,R,82.3
2021-01-18 13:55:00+05:30,82.75,82.65,R,82.65
2021-01-19 10:38:00+05:30,83.9,83.8,R,83.8
2021-01-19 10:39:00+05:30,83.9,83.8,R,83.8
2021-01-19 10:44:00+05:30,83.75,83.7,R,83.7
2021-01-19 11:54:00+05:30,83.65,83.6,R,83.6
2021-01-19 12:55:00+05:30,85.05,84.7,R,84.7
2021-01-19 13:17:00+05:30,84.3,84.25,R,84.25
2021-01-19 13:39:00+05:30,84.7,84.65,R,84.65
2021-01-19 14:53:00+05:30,85.1,85.05,R,85.05
2021-01-19 15:24:00+05:30,85.6,85.55,R,85.55
2021-01-20 10:02:00+05:30,85.5,85.4,R,85.4
2021-01-20 10:44:00+05:30,85.4,85.35,R,85.35
2021-01-20 11:11:00+05:30,85.1,85.05,R,85.05
2021-01-20 11:26:00+05:30,85.25,85.2,R,85.2
2021-01-20 11:28:00+05:30,85.2,85.15,R,85.15
2021-01-20 11:33:00+05:30,85.15,85.1,R,85.1
2021-01-20 11:41:00+05:30,85.0,84.95,R,84.95
2021-01-20 12:16:00+05:30,84.95,84.9,R,84.9
2021-01-20 12:23:00+05:30,84.85,84.8,R,84.8
2021-01-20 12:32:00+05:30,84.6,84.55,R,84.55
2021-01-20 12:46:00+05:30,84.8,84.75,R,84.75
2021-01-20 13:30:00+05:30,84.7,84.6,R,84.6
2021-01-20 15:29:00+05:30,84.7,84.55,R,84.55
2021-01-21 10:29:00+05:30,84.5,84.45,R,84.45
2021-01-21 11:43:00+05:30,84.45,84.4,R,84.4
2021-01-21 11:56:00+05:30,84.3,84.25,R,84.25
2021-01-21 13:13:00+05:30,84.1,84.05,R,84.05
2021-01-21 13:21:00+05:30,84.0,83.95,R,83.95
2021-01-21 13:54:00+05:30,84.05,84.0,R,84.0
2021-01-21 14:04:00+05:30,84.1,84.05,R,84.05
2021-01-21 15:02:00+05:30,83.25,83.0,R,83.0
2021-01-22 10:53:00+05:30,80.7,80.65,R,80.65
2021-01-22 11:20:00+05:30,79.7,79.55,R,79.55
2021-01-22 11:37:00+05:30,80.15,79.9,R,79.9
2021-01-22 12:29:00+05:30,79.65,79.6,R,79.6
2021-01-22 13:40:00+05:30,78.9,78.6,R,78.6
2021-01-22 14:54:00+05:30,79.9,79.8,R,79.8
2021-01-25 09:20:00+05:30,81.6,81.35,R,81.35
2021-01-25 10:59:00+05:30,79.45,79.4,R,79.4
2021-01-25 11:13:00+05:30,79.15,79.1,R,79.1
2021-01-25 11:25:00+05:30,78.85,78.8,R,78.8
2021-01-25 11:56:00+05:30,78.55,78.45,R,78.45
2021-01-25 13:18:00+05:30,80.65,80.5,R,80.5
2021-01-25 13:52:00+05:30,80.0,79.9,R,79.9
2021-01-25 13:53:00+05:30,79.95,79.9,R,79.9
2021-01-25 14:48:00+05:30,79.45,79.4,R,79.4
2021-01-25 14:54:00+05:30,79.35,79.2,R,79.2
2021-01-25 14:55:00+05:30,79.25,79.2,R,79.2
2021-01-27 10:09:00+05:30,79.65,79.55,R,79.55
2021-01-27 11:00:00+05:30,78.35,78.25,R,78.25
2021-01-27 12:21:00+05:30,77.1,76.95,R,76.95
2021-01-27 12:57:00+05:30,76.95,76.9,R,76.9
2021-01-27 13:28:00+05:30,76.45,76.4,R,76.4
2021-01-27 13:42:00+05:30,76.1,76.05,R,76.05
2021-01-27 13:49:00+05:30,76.3,76.2,R,76.2
2021-01-27 14:03:00+05:30,75.9,75.85,R,75.85
2021-01-27 15:24:00+05:30,75.95,75.9,R,75.9
2021-01-28 09:52:00+05:30,75.6,75.4,R,75.4
2021-01-28 10:41:00+05:30,76.55,76.35,R,76.35
2021-01-28 11:04:00+05:30,77.05,76.9,R,76.9
2021-01-28 11:16:00+05:30,77.35,77.3,R,77.3
2021-01-28 12:52:00+05:30,76.1,75.95,R,75.95
2021-01-28 12:56:00+05:30,75.9,75.8,R,75.8
2021-01-28 12:57:00+05:30,75.85,75.8,R,75.8
2021-01-28 13:02:00+05:30,75.7,75.45,R,75.45
2021-01-29 09:19:00+05:30,78.0,77.8,R,77.8
2021-01-29 09:28:00+05:30,77.9,77.8,R,77.8
2021-01-29 13:30:00+05:30,76.65,76.6,R,76.6
2021-01-29 13:56:00+05:30,75.95,75.9,R,75.9
2021-01-29 14:00:00+05:30,76.05,75.95,R,75.95
2021-01-29 14:47:00+05:30,76.45,76.4,R,76.4
2021-01-29 15:09:00+05:30,75.65,75.4,R,75.4
2021-01-29 15:21:00+05:30,75.25,75.05,R,75.05
2021-02-01 10:30:00+05:30,75.25,75.05,R,75.05
2021-02-01 13:09:00+05:30,76.55,76.35,R,76.35
2021-02-01 13:37:00+05:30,77.4,77.35,R,77.35
2021-02-01 14:53:00+05:30,78.1,78.0,R,78.0
2021-02-01 15:15:00+05:30,80.15,80.05,R,80.05
2021-02-02 09:22:00+05:30,80.95,80.65,R,80.65
2021-02-02 09:51:00+05:30,81.6,81.5,R,81.5
2021-02-02 09:59:00+05:30,81.45,81.2,R,81.2
2021-02-02 10:47:00+05:30,80.25,80.2,R,80.2
2021-02-02 11:19:00+05:30,81.0,80.9,R,80.9
2021-02-02 12:29:00+05:30,80.8,80.75,R,80.75
2021-02-02 13:34:00+05:30,81.5,81.45,R,81.45
2021-02-02 13:47:00+05:30,81.7,81.6,R,81.6
2021-02-02 13:53:00+05:30,81.65,81.6,R,81.6
2021-02-02 14:01:00+05:30,81.65,81.6,R,81.6
2021-02-03 09:51:00+05:30,83.0,82.85,R,82.85
2021-02-03 10:24:00+05:30,84.05,83.75,R,83.75
2021-02-03 10:53:00+05:30,83.9,83.85,R,83.85
2021-02-03 11:14:00+05:30,85.0,84.9,R,84.9
2021-02-03 11:16:00+05:30,84.9,84.6,R,84.6
2021-02-03 12:33:00+05:30,85.3,85.25,R,85.25
2021-02-03 12:36:00+05:30,85.3,85.25,R,85.25
2021-02-03 12:40:00+05:30,85.25,85.2,R,85.2
2021-02-03 12:44:00+05:30,85.05,84.7,R,84.7
2021-02-03 13:08:00+05:30,84.7,84.55,R,84.55
2021-02-03 15:17:00+05:30,84.2,84.05,R,84.05
2021-02-03 15:18:00+05:30,84.1,84.05,R,84.05
2021-02-03 15:29:00+05:30,84.55,84.4,R,84.4
2021-02-04 09:29:00+05:30,87.0,86.95,R,86.95
2021-02-04 09:58:00+05:30,86.95,86.9,R,86.9
2021-02-04 10:02:00+05:30,86.85,86.65,R,86.65
2021-02-04 10:46:00+05:30,87.6,87.55,R,87.55
2021-02-04 11:10:00+05:30,88.8,88.75,R,88.75
2021-02-04 11:17:00+05:30,88.55,88.5,R,88.5
2021-02-04 11:20:00+05:30,88.3,88.15,R,88.15
2021-02-04 12:39:00+05:30,88.5,88.4,R,88.4
2021-02-04 13:05:00+05:30,88.75,88.7,R,88.7
2021-02-04 14:29:00+05:30,90.0,89.95,R,89.95
2021-02-04 14:54:00+05:30,89.9,89.8,R,89.8
2021-02-04 14:55:00+05:30,89.85,89.8,R,89.8
2021-02-04 14:56:00+05:30,89.85,89.8,R,89.8
2021-02-05 09:25:00+05:30,87.35,87.25,R,87.25
2021-02-05 09:59:00+05:30,86.65,86.35,R,86.35
2021-02-05 11:26:00+05:30,88.5,88.3,R,88.3
2021-02-05 11:38:00+05:30,88.95,88.9,R,88.9
2021-02-05 12:25:00+05:30,89.6,89.45,R,89.45
2021-02-05 12:51:00+05:30,89.15,89.0,R,89.0
2021-02-05 13:33:00+05:30,87.55,87.35,R,87.35
2021-02-05 13:59:00+05:30,87.65,87.55,R,87.55
2021-02-05 15:11:00+05:30,87.45,87.3,R,87.3
2021-02-08 09:58:00+05:30,90.7,90.6,R,90.6
2021-02-08 10:32:00+05:30,89.9,89.85,R,89.85
2021-02-08 10:39:00+05:30,89.6,89.5,R,89.5
2021-02-08 11:16:00+05:30,89.9,89.8,R,89.8
2021-02-08 12:01:00+05:30,89.95,89.85,R,89.85
2021-02-08 12:05:00+05:30,90.0,89.95,R,89.95
2021-02-08 12:14:00+05:30,90.0,89.95,R,89.95
2021-02-08 12:28:00+05:30,90.5,90.35,R,90.35
2021-02-08 12:41:00+05:30,89.9,89.85,R,89.85
2021-02-08 12:50:00+05:30,89.85,89.75,R,89.75
2021-02-08 13:16:00+05:30,90.0,89.9,R,89.9
2021-02-08 13:26:00+05:30,90.05,90.0,R,90.0
2021-02-08 13:27:00+05:30,90.05,90.0,R,90.0
2021-02-08 13:41:00+05:30,90.1,89.9,R,89.9
2021-02-08 13:42:00+05:30,89.95,89.9,R,89.9
2021-02-08 13:45:00+05:30,89.95,89.9,R,89.9
2021-02-08 13:50:00+05:30,90.0,89.95,R,89.95
2021-02-08 13:56:00+05:30,90.05,90.0,R,90.0
2021-02-08 14:02:00+05:30,90.2,90.1,R,90.1
2021-02-08 14:04:00+05:30,90.15,90.05,R,90.05
2021-02-08 14:05:00+05:30,90.1,90.05,R,90.05
2021-02-08 14:47:00+05:30,90.05,90.0,R,90.0
2021-02-08 14:55:00+05:30,90.05,89.95,R,89.95
2021-02-08 14:57:00+05:30,89.95,89.85,R,89.85
2021-02-08 14:58:00+05:30,89.9,89.85,R,89.85
2021-02-08 15:07:00+05:30,90.0,89.95,R,89.95
2021-02-08 15:24:00+05:30,90.0,89.9,R,89.9
2021-02-08 15:28:00+05:30,89.95,89.9,R,89.9
2021-02-08 15:29:00+05:30,89.95,89.9,R,89.9
2021-02-09 09:57:00+05:30,88.85,88.8,R,88.8
2021-02-09 10:04:00+05:30,88.9,88.85,R,88.85
2021-02-09 10:05:00+05:30,88.9,88.85,R,88.85
2021-02-09 10:10:00+05:30,88.75,88.7,R,88.7
2021-02-09 11:42:00+05:30,88.25,88.15,R,88.15
2021-02-09 11:53:00+05:30,88.3,88.2,R,88.2
2021-02-09 12:13:00+05:30,88.2,88.15,R,88.15
2021-02-09 12:19:00+05:30,88.0,87.95,R,87.95
2021-02-09 12:20:00+05:30,88.0,87.95,R,87.95
2021-02-09 12:36:00+05:30,88.0,87.85,R,87.85
2021-02-09 12:55:00+05:30,88.0,87.9,R,87.9
2021-02-09 13:20:00+05:30,87.95,87.9,R,87.9
2021-02-09 13:39:00+05:30,88.0,87.95,R,87.95
2021-02-09 14:06:00+05:30,88.05,88.0,R,88.0
2021-02-09 14:21:00+05:30,87.95,87.9,R,87.9
2021-02-09 14:45:00+05:30,87.4,87.15,R,87.15
2021-02-09 14:51:00+05:30,87.3,87.2,R,87.2
2021-02-10 09:24:00+05:30,87.15,86.7,R,86.7
2021-02-10 09:35:00+05:30,87.5,87.4,R,87.4
2021-02-10 09:37:00+05:30,87.5,87.3,R,87.3
2021-02-10 12:12:00+05:30,88.85,88.8,R,88.8
2021-02-10 12:14:00+05:30,88.8,88.7,R,88.7
2021-02-10 12:46:00+05:30,89.55,89.3,R,89.3
2021-02-10 13:05:00+05:30,88.5,88.45,R,88.45
2021-02-10 13:26:00+05:30,87.85,87.8,R,87.8
2021-02-10 13:28:00+05:30,87.85,87.65,R,87.65
2021-02-10 13:36:00+05:30,87.6,87.4,R,87.4
2021-02-10 14:26:00+05:30,88.2,88.05,R,88.05
2021-02-11 09:28:00+05:30,89.1,89.0,R,89.0
2021-02-11 09:41:00+05:30,88.6,88.55,R,88.55
2021-02-11 10:03:00+05:30,88.55,88.4,R,88.4
2021-02-11 10:30:00+05:30,88.15,88.1,R,88.1
2021-02-11 13:32:00+05:30,87.8,87.7,R,87.7
2021-02-11 13:33:00+05:30,87.75,87.7,R,87.7
2021-02-11 13:42:00+05:30,87.75,87.7,R,87.7
2021-02-11 14:54:00+05:30,87.75,87.7,R,87.7
2021-02-11 15:20:00+05:30,87.75,87.7,R,87.7
2021-02-12 10:01:00+05:30,87.65,87.6,R,87.6
2021-02-12 10:09:00+05:30,87.6,87.55,R,87.55
2021-02-12 10:16:00+05:30,87.55,87.45,R,87.45
2021-02-12 11:59:00+05:30,87.35,87.3,R,87.3
2021-02-12 12:10:00+05:30,87.35,87.3,R,87.3
2021-02-12 13:09:00+05:30,87.35,87.25,R,87.25
2021-02-12 15:19:00+05:30,87.55,87.4,R,87.4
2021-02-12 15:22:00+05:30,87.45,87.4,R,87.4
2021-02-12 15:28:00+05:30,87.4,87.25,R,87.25
2021-02-15 10:29:00+05:30,87.75,87.7,R,87.7
2021-02-15 10:59:00+05:30,88.3,88.2,R,88.2
2021-02-15 11:00:00+05:30,88.25,88.2,R,88.2
2021-02-15 11:19:00+05:30,88.0,87.95,R,87.95
2021-02-15 11:22:00+05:30,88.0,87.95,R,87.95
2021-02-15 11:28:00+05:30,88.0,87.95,R,87.95
2021-02-15 11:31:00+05:30,88.0,87.95,R,87.95
2021-02-15 12:33:00+05:30,87.75,87.7,R,87.7
2021-02-15 12:40:00+05:30,87.7,87.65,R,87.65
2021-02-15 12:47:00+05:30,87.6,87.5,R,87.5
2021-02-15 13:07:00+05:30,88.25,88.2,R,88.2
2021-02-15 13:22:00+05:30,87.75,87.65,R,87.65
2021-02-15 14:00:00+05:30,87.0,86.95,R,86.95
2021-02-15 14:22:00+05:30,87.05,86.95,R,86.95
2021-02-15 14:47:00+05:30,86.85,86.75,R,86.75
2021-02-16 10:01:00+05:30,87.05,86.9,R,86.9
2021-02-16 10:11:00+05:30,87.6,87.4,R,87.4
2021-02-16 11:26:00+05:30,87.4,87.35,R,87.35
2021-02-16 12:16:00+05:30,87.95,87.9,R,87.9
2021-02-16 12:57:00+05:30,88.45,88.4,R,88.4
2021-02-16 13:01:00+05:30,88.25,88.1,R,88.1
2021-02-16 13:09:00+05:30,88.25,88.1,R,88.1
2021-02-16 13:11:00+05:30,88.1,87.95,R,87.95
2021-02-16 13:41:00+05:30,88.05,88.0,R,88.0
2021-02-16 14:45:00+05:30,89.8,89.7,R,89.7
2021-02-16 15:05:00+05:30,89.95,89.9,R,89.9
2021-02-17 09:32:00+05:30,90.95,90.8,R,90.8
2021-02-17 09:39:00+05:30,90.7,90.65,R,90.65
2021-02-17 09:54:00+05:30,90.65,90.45,R,90.45
2021-02-17 11:59:00+05:30,91.4,91.35,R,91.35
2021-02-17 12:00:00+05:30,91.4,91.35,R,91.35
2021-02-18 09:20:00+05:30,91.35,91.15,R,91.15
2021-02-18 09:43:00+05:30,91.05,90.95,R,90.95
2021-02-18 09:59:00+05:30,91.2,90.95,R,90.95
2021-02-18 10:10:00+05:30,91.4,91.3,R,91.3
2021-02-18 10:33:00+05:30,92.0,91.85,R,91.85
2021-02-18 10:50:00+05:30,91.65,91.6,R,91.6
2021-02-18 11:39:00+05:30,91.2,91.05,R,91.05
2021-02-18 11:47:00+05:30,91.05,91.0,R,91.0
2021-02-18 11:58:00+05:30,91.35,91.3,R,91.3
2021-02-18 11:59:00+05:30,91.35,91.3,R,91.3
2021-02-18 12:06:00+05:30,91.25,91.2,R,91.2
2021-02-18 12:24:00+05:30,91.2,91.1,R,91.1
2021-02-18 12:53:00+05:30,91.4,91.3,R,91.3
2021-02-18 13:16:00+05:30,91.75,91.65,R,91.65
2021-02-18 13:17:00+05:30,91.7,91.65,R,91.65
2021-02-18 13:20:00+05:30,91.5,91.4,R,91.4
2021-02-18 14:51:00+05:30,93.2,93.1,R,93.1
2021-02-18 15:19:00+05:30,93.15,93.1,R,93.1
2021-02-18 15:26:00+05:30,93.2,93.15,R,93.15
2021-02-19 09:15:00+05:30,93.4,92.95,R,92.95
2021-02-19 09:25:00+05:30,92.75,92.55,R,92.55
2021-02-19 10:21:00+05:30,94.55,94.5,R,94.5
2021-02-19 11:48:00+05:30,94.15,94.1,R,94.1
2021-02-19 12:29:00+05:30,93.75,93.65,R,93.65
2021-02-19 13:00:00+05:30,93.35,93.2,R,93.2
2021-02-19 13:15:00+05:30,93.45,93.4,R,93.4
2021-02-19 13:18:00+05:30,93.4,93.35,R,93.35
2021-02-19 15:16:00+05:30,91.45,91.0,R,91.0
2021-02-22 09:20:00+05:30,90.8,90.35,R,90.35
2021-02-22 10:26:00+05:30,91.2,91.05,R,91.05
2021-02-22 10:33:00+05:30,91.45,91.4,R,91.4
2021-02-22 11:11:00+05:30,91.2,91.1,R,91.1
2021-02-22 11:20:00+05:30,90.8,90.7,R,90.7
2021-02-22 11:39:00+05:30,90.65,90.55,R,90.55
2021-02-22 11:46:00+05:30,90.4,90.35,R,90.35
2021-02-22 11:51:00+05:30,90.4,90.3,R,90.3
2021-02-22 11:54:00+05:30,90.25,90.2,R,90.2
2021-02-22 12:04:00+05:30,90.65,90.6,R,90.6
2021-02-22 12:23:00+05:30,90.25,90.2,R,90.2
2021-02-22 12:37:00+05:30,90.6,90.55,R,90.55
2021-02-22 13:05:00+05:30,90.5,90.4,R,90.4
2021-02-22 13:30:00+05:30,90.5,90.25,R,90.25
2021-02-22 13:37:00+05:30,89.75,89.7,R,89.7
2021-02-22 14:36:00+05:30,89.7,89.5,R,89.5
2021-02-23 09:23:00+05:30,91.55,91.1,R,91.1
2021-02-23 09:39:00+05:30,90.75,90.7,R,90.7
2021-02-23 10:20:00+05:30,91.25,91.2,R,91.2
2021-02-23 10:35:00+05:30,91.75,91.55,R,91.55
2021-02-23 11:57:00+05:30,91.4,91.35,R,91.35
2021-02-23 12:48:00+05:30,90.85,90.8,R,90.8
2021-02-23 13:40:00+05:30,90.75,90.7,R,90.7
2021-02-23 13:50:00+05:30,90.9,90.85,R,90.85
2021-02-23 14:34:00+05:30,92.3,92.1,R,92.1
2021-02-23 15:29:00+05:30,91.9,91.75,R,91.75
2021-02-24 09:39:00+05:30,94.1,94.05,R,94.05
2021-02-24 09:52:00+05:30,93.65,93.6,R,93.6
2021-02-24 11:02:00+05:30,93.7,93.55,R,93.55
2021-02-24 11:21:00+05:30,93.55,93.5,R,93.5
2021-02-24 11:32:00+05:30,93.3,93.25,R,93.25
2021-02-24 11:38:00+05:30,93.0,92.9,R,92.9
2021-02-24 16:44:00+05:30,94.35,94.3,R,94.3
2021-02-24 16:45:00+05:30,94.35,94.3,R,94.3
2021-02-25 09:48:00+05:30,95.3,95.2,R,95.2
2021-02-25 10:26:00+05:30,95.2,95.15,R,95.15
2021-02-25 10:50:00+05:30,95.75,95.5,R,95.5
2021-02-25 11:26:00+05:30,96.65,96.6,R,96.6
2021-02-25 11:42:00+05:30,96.55,96.4,R,96.4
2021-02-25 12:02:00+05:30,96.6,96.4,R,96.4
2021-02-25 12:11:00+05:30,96.7,96.5,R,96.5
2021-02-25 12:23:00+05:30,96.85,96.8,R,96.8
2021-02-25 12:51:00+05:30,96.65,96.6,R,96.6
2021-02-25 12:54:00+05:30,96.7,96.6,R,96.6
2021-02-25 12:55:00+05:30,96.65,96.6,R,96.6
2021-02-25 13:15:00+05:30,97.5,97.45,R,97.45
2021-02-25 13:27:00+05:30,97.2,97.05,R,97.05
2021-02-25 13:46:00+05:30,97.25,97.2,R,97.2
2021-02-25 13:48:00+05:30,97.15,97.05,R,97.05
2021-02-25 13:49:00+05:30,97.1,97.05,R,97.05
2021-02-25 13:52:00+05:30,97.0,96.7,R,96.7
2021-02-25 14:06:00+05:30,96.0,95.9,R,95.9
2021-02-25 14:09:00+05:30,96.05,95.95,R,95.95
2021-02-26 13:12:00+05:30,94.0,93.8,R,93.8
2021-02-26 14:03:00+05:30,94.8,94.7,R,94.7
2021-02-26 15:03:00+05:30,95.3,95.05,R,95.05
2021-03-01 10:53:00+05:30,97.35,97.25,R,97.25
2021-03-01 11:12:00+05:30,97.95,97.85,R,97.85
2021-03-01 11:40:00+05:30,98.55,98.4,R,98.4
2021-03-01 11:58:00+05:30,98.2,98.0,R,98.0
2021-03-01 13:46:00+05:30,97.8,97.75,R,97.75
2021-03-01 14:11:00+05:30,97.8,97.7,R,97.7
2021-03-01 14:44:00+05:30,97.4,97.35,R,97.35
2021-03-01 14:50:00+05:30,97.1,96.9,R,96.9
2021-03-02 10:14:00+05:30,99.1,99.0,R,99.0
2021-03-02 11:04:00+05:30,98.45,98.35,R,98.35
2021-03-02 11:08:00+05:30,98.4,98.3,R,98.3
2021-03-02 12:03:00+05:30,98.9,98.85,R,98.85
2021-03-02 12:06:00+05:30,98.8,98.7,R,98.7
2021-03-02 12:30:00+05:30,98.75,98.7,R,98.7
2021-03-02 12:47:00+05:30,98.7,98.45,R,98.45
2021-03-02 12:48:00+05:30,98.55,98.45,R,98.45
2021-03-02 14:42:00+05:30,99.95,99.8,R,99.8
2021-03-02 15:09:00+05:30,100.3,100.25,R,100.25
2021-03-03 09:18:00+05:30,104.05,103.9,R,103.9
2021-03-03 10:27:00+05:30,103.3,103.15,R,103.15
2021-03-03 13:31:00+05:30,104.1,103.95,R,103.95
2021-03-03 13:57:00+05:30,104.45,104.4,R,104.4
2021-03-03 13:58:00+05:30,104.45,104.4,R,104.4
2021-03-03 14:52:00+05:30,104.65,104.5,R,104.5
2021-03-03 15:15:00+05:30,105.35,105.3,R,105.3
2021-03-04 09:29:00+05:30,104.85,104.4,R,104.4
2021-03-04 11:07:00+05:30,111.25,111.15,R,111.15
2021-03-04 11:21:00+05:30,110.35,110.3,R,110.3
2021-03-04 12:05:00+05:30,110.95,110.8,R,110.8
2021-03-04 12:21:00+05:30,110.95,110.85,R,110.85
2021-03-04 12:27:00+05:30,110.95,110.9,R,110.9
2021-03-04 13:00:00+05:30,110.55,110.4,R,110.4
2021-03-04 13:04:00+05:30,110.3,110.15,R,110.15
2021-03-04 14:16:00+05:30,110.2,110.1,R,110.1
2021-03-05 10:16:00+05:30,108.6,108.45,R,108.45
2021-03-05 11:03:00+05:30,106.35,106.2,R,106.2
2021-03-05 12:55:00+05:30,107.55,107.5,R,107.5
2021-03-05 13:13:00+05:30,107.55,107.3,R,107.3
2021-03-05 13:14:00+05:30,107.35,107.3,R,107.3
2021-03-08 09:18:00+05:30,109.15,109.0,R,109.0
2021-03-08 09:47:00+05:30,110.9,110.85,R,110.85
2021-03-08 09:56:00+05:30,111.5,111.4,R,111.4
2021-03-08 10:15:00+05:30,111.15,111.0,R,111.0
2021-03-08 10:30:00+05:30,110.5,110.4,R,110.4
2021-03-08 12:18:00+05:30,109.95,109.8,R,109.8
2021-03-08 12:58:00+05:30,109.25,109.05,R,109.05
2021-03-08 13:24:00+05:30,109.6,109.45,R,109.45
2021-03-08 14:18:00+05:30,109.2,109.1,R,109.1
2021-03-08 15:03:00+05:30,109.3,109.25,R,109.25
2021-03-09 09:23:00+05:30,109.55,109.15,R,109.15
2021-03-09 09:40:00+05:30,110.0,109.95,R,109.95
2021-03-09 10:42:00+05:30,109.0,108.95,R,108.95
2021-03-09 10:43:00+05:30,109.0,108.95,R,108.95
2021-03-09 10:46:00+05:30,109.0,108.95,R,108.95
2021-03-09 11:18:00+05:30,108.9,108.85,R,108.85
2021-03-09 11:41:00+05:30,108.8,108.65,R,108.65
2021-03-09 12:12:00+05:30,108.7,108.6,R,108.6
2021-03-09 12:18:00+05:30,108.15,108.1,R,108.1
2021-03-09 12:55:00+05:30,106.9,106.55,R,106.55
2021-03-10 09:41:00+05:30,107.85,107.8,R,107.8
2021-03-10 09:42:00+05:30,107.85,107.8,R,107.8
2021-03-10 09:47:00+05:30,107.85,107.75,R,107.75
2021-03-10 10:25:00+05:30,107.5,107.3,R,107.3
2021-03-10 10:45:00+05:30,107.0,106.95,R,106.95
2021-03-10 11:36:00+05:30,107.0,106.9,R,106.9
2021-03-10 12:07:00+05:30,106.3,106.25,R,106.25
2021-03-10 13:56:00+05:30,106.9,106.8,R,106.8
2021-03-10 14:27:00+05:30,107.2,107.05,R,107.05
2021-03-10 14:38:00+05:30,107.65,107.55,R,107.55
2021-03-10 14:45:00+05:30,107.4,107.3,R,107.3
2021-03-10 14:46:00+05:30,107.35,107.3,R,107.3
2021-03-10 14:53:00+05:30,107.45,107.4,R,107.4
2021-03-10 14:57:00+05:30,107.4,107.3,R,107.3
2021-03-12 10:29:00+05:30,112.9,112.85,R,112.85
2021-03-12 11:01:00+05:30,113.65,113.4,R,113.4
2021-03-12 11:04:00+05:30,113.5,113.45,R,113.45
2021-03-12 11:41:00+05:30,113.4,113.35,R,113.35
2021-03-12 11:49:00+05:30,112.95,112.85,R,112.85
2021-03-12 12:11:00+05:30,112.7,112.6,R,112.6
2021-03-12 12:23:00+05:30,111.7,111.65,R,111.65
2021-03-12 15:28:00+05:30,113.25,113.1,R,113.1
2021-03-16 09:30:00+05:30,111.0,110.9,R,110.9
2021-03-16 09:43:00+05:30,110.8,110.55,R,110.55
2021-03-16 09:56:00+05:30,110.45,110.4,R,110.4
2021-03-16 10:18:00+05:30,110.6,110.55,R,110.55
2021-03-16 10:57:00+05:30,110.85,110.8,R,110.8
2021-03-16 12:24:00+05:30,110.05,110.0,R,110.0
2021-03-16 13:29:00+05:30,110.0,109.9,R,109.9
2021-03-16 14:16:00+05:30,110.3,110.25,R,110.25
2021-03-16 14:26:00+05:30,110.3,110.2,R,110.2
2021-03-16 14:47:00+05:30,110.45,110.3,R,110.3
2021-03-16 14:52:00+05:30,110.45,110.35,R,110.35
2021-03-17 09:45:00+05:30,109.0,108.7,R,108.7
2021-03-17 09:53:00+05:30,108.75,108.7,R,108.7
2021-03-17 09:55:00+05:30,108.65,108.3,R,108.3
2021-03-17 10:55:00+05:30,108.2,108.15,R,108.15
2021-03-17 11:00:00+05:30,108.05,108.0,R,108.0
2021-03-17 11:08:00+05:30,107.85,107.8,R,107.8
2021-03-17 11:58:00+05:30,108.4,108.2,R,108.2
2021-03-17 13:25:00+05:30,106.7,106.45,R,106.45
2021-03-17 14:43:00+05:30,105.45,105.3,R,105.3
2021-03-18 10:34:00+05:30,103.35,103.05,R,103.05
2021-03-18 11:05:00+05:30,104.05,103.85,R,103.85
2021-03-18 13:47:00+05:30,101.85,101.45,R,101.45
2021-03-18 13:50:00+05:30,101.5,101.45,R,101.45
2021-03-18 15:04:00+05:30,100.6,100.1,R,100.1
2021-03-19 09:23:00+05:30,98.7,98.55,R,98.55
2021-03-19 13:38:00+05:30,100.15,100.05,R,100.05
2021-03-19 13:42:00+05:30,100.2,100.0,R,100.0
2021-03-19 13:53:00+05:30,100.45,100.1,R,100.1
2021-03-19 13:54:00+05:30,100.2,100.1,R,100.1
2021-03-19 14:10:00+05:30,102.3,102.0,R,102.0
2021-03-22 10:01:00+05:30,105.15,105.1,R,105.1
2021-03-22 10:51:00+05:30,105.5,105.1,R,105.1
2021-03-22 11:07:00+05:30,105.7,105.6,R,105.6
2021-03-22 11:11:00+05:30,105.9,105.65,R,105.65
2021-03-22 12:30:00+05:30,104.9,104.6,R,104.6
2021-03-22 12:39:00+05:30,105.0,104.6,R,104.6
2021-03-22 13:56:00+05:30,105.2,105.05,R,105.05
2021-03-22 15:18:00+05:30,105.1,104.9,R,104.9
2021-03-23 09:43:00+05:30,105.25,105.15,R,105.15
2021-03-23 09:59:00+05:30,105.65,105.6,R,105.6
2021-03-23 10:43:00+05:30,105.3,105.2,R,105.2
2021-03-23 11:29:00+05:30,104.5,104.4,R,104.4
2021-03-23 11:33:00+05:30,104.3,104.05,R,104.05
2021-03-23 11:47:00+05:30,104.35,104.3,R,104.3
2021-03-23 12:38:00+05:30,104.95,104.8,R,104.8
2021-03-23 12:57:00+05:30,105.1,105.0,R,105.0
2021-03-23 14:04:00+05:30,105.05,105.0,R,105.0
2021-03-23 14:32:00+05:30,104.9,104.8,R,104.8
2021-03-23 14:46:00+05:30,105.0,104.95,R,104.95
2021-03-23 14:54:00+05:30,105.05,104.95,R,104.95
2021-03-23 14:55:00+05:30,105.0,104.95,R,104.95
2021-03-23 15:00:00+05:30,105.0,104.95,R,104.95
2021-03-24 09:40:00+05:30,105.05,104.7,R,104.7
2021-03-24 10:06:00+05:30,104.9,104.75,R,104.75
2021-03-24 10:07:00+05:30,104.8,104.75,R,104.75
2021-03-24 10:53:00+05:30,103.55,103.3,R,103.3
2021-03-24 10:59:00+05:30,103.35,103.2,R,103.2
2021-03-24 11:04:00+05:30,103.45,103.4,R,103.4
2021-03-24 11:17:00+05:30,103.6,103.45,R,103.45
2021-03-24 14:23:00+05:30,103.25,103.05,R,103.05
2021-03-24 15:18:00+05:30,101.35,101.2,R,101.2
2021-03-25 09:20:00+05:30,100.25,99.5,R,99.5
2021-03-25 10:26:00+05:30,99.95,99.9,R,99.9
2021-03-25 10:54:00+05:30,99.15,99.1,R,99.1
2021-03-25 10:55:00+05:30,99.15,99.1,R,99.1
2021-03-25 11:29:00+05:30,98.6,98.45,R,98.45
2021-03-25 11:52:00+05:30,98.15,98.05,R,98.05
2021-03-25 14:13:00+05:30,99.5,99.4,R,99.4
2021-03-25 14:24:00+05:30,98.95,98.9,R,98.9
2021-03-25 14:35:00+05:30,99.85,99.6,R,99.6
2021-03-25 14:54:00+05:30,99.7,99.65,R,99.65
2021-03-25 15:20:00+05:30,98.2,98.15,R,98.15
2021-03-26 10:07:00+05:30,100.6,100.55,R,100.55
2021-03-26 10:41:00+05:30,101.1,101.05,R,101.05
2021-03-26 11:21:00+05:30,101.2,101.1,R,101.1
2021-03-26 11:31:00+05:30,102.75,102.4,R,102.4
2021-03-26 12:23:00+05:30,102.25,102.2,R,102.2
2021-03-26 13:07:00+05:30,102.3,102.25,R,102.25
2021-03-26 13:20:00+05:30,102.4,102.35,R,102.35
2021-03-26 13:33:00+05:30,103.0,102.95,R,102.95
2021-03-26 13:42:00+05:30,103.5,103.3,R,103.3
2021-03-30 09:33:00+05:30,104.2,104.1,R,104.1
2021-03-30 09:51:00+05:30,104.3,104.25,R,104.25
2021-03-30 10:21:00+05:30,104.0,103.9,R,103.9
2021-03-30 10:23:00+05:30,103.9,103.8,R,103.8
2021-03-30 11:24:00+05:30,104.0,103.95,R,103.95
2021-03-30 13:10:00+05:30,103.15,103.1,R,103.1
2021-03-30 13:38:00+05:30,103.4,103.3,R,103.3
2021-03-30 14:16:00+05:30,103.7,103.6,R,103.6
2021-03-30 14:38:00+05:30,103.65,103.55,R,103.55
2021-03-31 10:18:00+05:30,105.3,105.0,R,105.0
2021-03-31 10:19:00+05:30,105.05,105.0,R,105.0
2021-03-31 10:30:00+05:30,105.1,104.95,R,104.95
2021-03-31 11:09:00+05:30,104.7,104.6,R,104.6
2021-03-31 11:18:00+05:30,104.75,104.5,R,104.5
2021-03-31 12:26:00+05:30,104.55,104.5,R,104.5
2021-03-31 12:27:00+05:30,104.55,104.5,R,104.5
2021-03-31 12:30:00+05:30,104.4,104.35,R,104.35
2021-03-31 13:18:00+05:30,103.75,103.7,R,103.7
2021-03-31 13:19:00+05:30,103.75,103.7,R,103.7
2021-03-31 14:07:00+05:30,104.1,104.05,R,104.05
2021-03-31 14:14:00+05:30,104.2,104.15,R,104.15
2021-03-31 14:27:00+05:30,103.95,103.9,R,103.9
2021-03-31 14:37:00+05:30,104.05,104.0,R,104.0
2021-03-31 15:26:00+05:30,103.15,103.05,R,103.05
2021-04-01 09:29:00+05:30,104.05,103.95,R,103.95
2021-04-01 09:41:00+05:30,103.7,103.55,R,103.55
2021-04-01 10:23:00+05:30,104.35,104.25,R,104.25
2021-04-01 10:30:00+05:30,104.35,104.1,R,104.1
2021-04-01 11:17:00+05:30,104.0,103.95,R,103.95
2021-04-01 12:50:00+05:30,105.2,105.15,R,105.15
2021-04-01 13:09:00+05:30,105.35,105.2,R,105.2
2021-04-01 13:20:00+05:30,105.15,105.0,R,105.0
2021-04-01 13:21:00+05:30,105.05,105.0,R,105.0
2021-04-01 13:59:00+05:30,104.65,104.6,R,104.6
2021-04-05 09:45:00+05:30,104.8,104.65,R,104.65
2021-04-05 10:15:00+05:30,102.05,101.7,R,101.7
2021-04-05 10:26:00+05:30,102.5,101.85,R,101.85
2021-04-05 10:33:00+05:30,101.75,101.6,R,101.6
2021-04-05 10:50:00+05:30,102.2,102.0,R,102.0
2021-04-05 11:56:00+05:30,101.55,101.5,R,101.5
2021-04-05 14:19:00+05:30,103.0,102.9,R,102.9
2021-04-05 14:45:00+05:30,103.2,103.05,R,103.05
2021-04-06 10:02:00+05:30,104.3,104.1,R,104.1
2021-04-06 11:34:00+05:30,106.7,106.65,R,106.65
2021-04-06 12:07:00+05:30,106.1,106.0,R,106.0
2021-04-06 12:38:00+05:30,104.9,104.6,R,104.6
2021-04-06 14:15:00+05:30,104.95,104.9,R,104.9
2021-04-06 14:30:00+05:30,104.9,104.8,R,104.8
2021-04-06 15:20:00+05:30,104.9,104.7,R,104.7
2021-04-07 09:56:00+05:30,104.95,104.9,R,104.9
2021-04-07 10:32:00+05:30,104.75,104.7,R,104.7
2021-04-07 11:21:00+05:30,105.0,104.9,R,104.9
2021-04-07 11:34:00+05:30,104.95,104.9,R,104.9
2021-04-07 11:35:00+05:30,104.95,104.9,R,104.9
2021-04-07 12:07:00+05:30,105.05,105.0,R,105.0
2021-04-07 13:13:00+05:30,104.85,104.8,R,104.8
2021-04-07 14:02:00+05:30,104.7,104.65,R,104.65
2021-04-07 14:28:00+05:30,104.75,104.7,R,104.7
2021-04-07 14:35:00+05:30,104.65,104.6,R,104.6
2021-04-07 15:23:00+05:30,104.45,104.35,R,104.35
2021-04-08 09:34:00+05:30,105.15,105.0,R,105.0
2021-04-08 09:47:00+05:30,105.05,104.9,R,104.9
2021-04-08 10:24:00+05:30,105.1,105.05,R,105.05
2021-04-08 10:30:00+05:30,105.1,104.95,R,104.95
2021-04-08 11:15:00+05:30,105.5,105.4,R,105.4
2021-04-08 11:33:00+05:30,106.0,105.85,R,105.85
2021-04-08 12:28:00+05:30,106.0,105.95,R,105.95
2021-04-08 12:34:00+05:30,106.05,106.0,R,106.0
2021-04-08 12:58:00+05:30,106.5,106.3,R,106.3
2021-04-08 14:13:00+05:30,106.05,105.95,R,105.95
2021-04-08 14:27:00+05:30,105.8,105.75,R,105.75
2021-04-08 15:07:00+05:30,105.0,104.95,R,104.95
2021-04-08 15:26:00+05:30,105.2,105.15,R,105.15
2021-04-09 09:21:00+05:30,104.75,104.6,R,104.6
2021-04-09 10:24:00+05:30,105.55,105.5,R,105.5
2021-04-09 10:52:00+05:30,104.9,104.85,R,104.85
2021-04-09 11:02:00+05:30,105.1,104.9,R,104.9
2021-04-09 12:06:00+05:30,104.6,104.55,R,104.55
2021-04-09 12:49:00+05:30,104.6,104.4,R,104.4
2021-04-09 13:08:00+05:30,104.55,104.5,R,104.5
2021-04-09 14:30:00+05:30,103.55,103.5,R,103.5
2021-04-09 14:32:00+05:30,103.45,103.3,R,103.3
2021-04-09 14:40:00+05:30,103.45,103.4,R,103.4
2021-04-09 14:43:00+05:30,103.55,103.45,R,103.45
2021-04-09 15:17:00+05:30,104.25,104.2,R,104.2
2021-04-12 11:29:00+05:30,94.35,94.3,R,94.3
2021-04-12 11:34:00+05:30,94.35,94.1,R,94.1
2021-04-12 12:54:00+05:30,92.9,92.7,R,92.7
2021-04-12 12:58:00+05:30,92.55,92.4,R,92.4
2021-04-12 13:25:00+05:30,92.15,92.1,R,92.1
2021-04-12 13:43:00+05:30,92.05,91.9,R,91.9
2021-04-12 14:26:00+05:30,93.0,92.9,R,92.9
2021-04-13 09:16:00+05:30,93.55,93.45,R,93.45
2021-04-13 09:55:00+05:30,95.9,95.75,R,95.75
2021-04-13 11:42:00+05:30,93.1,93.0,R,93.0
2021-04-13 12:52:00+05:30,94.7,94.55,R,94.55
2021-04-13 12:56:00+05:30,94.55,94.25,R,94.25
2021-04-13 14:33:00+05:30,95.25,95.15,R,95.15
2021-04-13 15:14:00+05:30,95.85,95.8,R,95.8
2021-04-15 13:01:00+05:30,94.25,94.15,R,94.15
2021-04-15 13:02:00+05:30,94.2,94.15,R,94.15
2021-04-15 13:30:00+05:30,93.9,93.8,R,93.8
2021-04-15 14:20:00+05:30,94.6,94.55,R,94.55
2021-04-15 14:52:00+05:30,94.25,94.15,R,94.15
2021-04-16 09:33:00+05:30,95.25,95.05,R,95.05
2021-04-16 09:53:00+05:30,95.15,95.05,R,95.05
2021-04-16 10:33:00+05:30,95.95,95.9,R,95.9
2021-04-16 10:44:00+05:30,95.95,95.9,R,95.9
2021-04-16 10:58:00+05:30,96.3,96.1,R,96.1
2021-04-16 11:02:00+05:30,96.25,96.1,R,96.1
2021-04-16 11:16:00+05:30,96.35,96.3,R,96.3
2021-04-16 12:16:00+05:30,96.3,96.15,R,96.15
2021-04-16 13:03:00+05:30,97.5,97.4,R,97.4
2021-04-16 13:12:00+05:30,97.6,97.55,R,97.55
2021-04-16 13:33:00+05:30,97.75,97.6,R,97.6
2021-04-16 14:20:00+05:30,97.4,97.35,R,97.35
2021-04-16 14:40:00+05:30,97.7,97.6,R,97.6
2021-04-19 11:06:00+05:30,94.3,94.1,R,94.1
2021-04-19 13:39:00+05:30,93.65,93.55,R,93.55
2021-04-20 09:27:00+05:30,95.65,95.5,R,95.5
2021-04-20 09:45:00+05:30,95.45,95.4,R,95.4
2021-04-20 10:02:00+05:30,94.95,94.8,R,94.8
2021-04-20 10:24:00+05:30,95.1,95.05,R,95.05
2021-04-20 10:25:00+05:30,95.1,95.05,R,95.05
2021-04-20 10:46:00+05:30,95.1,94.9,R,94.9
2021-04-20 11:06:00+05:30,94.8,94.6,R,94.6
2021-04-20 11:07:00+05:30,94.65,94.6,R,94.6
2021-04-20 11:09:00+05:30,94.65,94.55,R,94.55
2021-04-20 11:24:00+05:30,94.65,94.55,R,94.55
2021-04-20 11:26:00+05:30,94.5,94.35,R,94.35
2021-04-20 13:29:00+05:30,94.55,94.45,R,94.45
2021-04-20 13:37:00+05:30,94.5,94.45,R,94.45
2021-04-20 14:11:00+05:30,94.7,94.65,R,94.65
2021-04-20 15:02:00+05:30,93.45,93.4,R,93.4
2021-04-22 09:16:00+05:30,93.25,93.05,R,93.05
2021-04-22 09:46:00+05:30,93.75,93.65,R,93.65
2021-04-22 10:00:00+05:30,94.1,93.75,R,93.75
2021-04-22 10:03:00+05:30,93.7,93.55,R,93.55
2021-04-22 11:07:00+05:30,94.1,94.05,R,94.05
2021-04-22 11:23:00+05:30,94.05,94.0,R,94.0
2021-04-22 11:57:00+05:30,94.45,94.4,R,94.4
2021-04-22 12:02:00+05:30,94.3,94.1,R,94.1
2021-04-22 12:03:00+05:30,94.15,94.1,R,94.1
2021-04-22 13:08:00+05:30,94.5,94.4,R,94.4
2021-04-22 13:35:00+05:30,94.35,94.25,R,94.25
2021-04-22 14:13:00+05:30,94.5,94.4,R,94.4
2021-04-22 14:42:00+05:30,94.1,94.05,R,94.05
2021-04-22 14:47:00+05:30,94.25,94.2,R,94.2
2021-04-22 15:18:00+05:30,94.15,94.1,R,94.1
2021-04-22 15:19:00+05:30,94.2,94.1,R,94.1
2021-04-23 10:39:00+05:30,96.25,96.05,R,96.05
2021-04-23 10:43:00+05:30,96.05,96.0,R,96.0
2021-04-23 10:52:00+05:30,95.9,95.85,R,95.85
2021-04-23 11:06:00+05:30,96.0,95.95,R,95.95
2021-04-23 12:08:00+05:30,96.7,96.6,R,96.6
2021-04-23 12:51:00+05:30,96.15,96.05,R,96.05
2021-04-23 12:57:00+05:30,96.0,95.95,R,95.95
2021-04-23 14:31:00+05:30,94.85,94.8,R,94.8
2021-04-23 15:24:00+05:30,95.7,95.6,R,95.6
2021-04-26 10:34:00+05:30,96.05,95.95,R,95.95
2021-04-26 10:50:00+05:30,96.05,96.0,R,96.0
2021-04-26 10:54:00+05:30,95.95,95.9,R,95.9
2021-04-26 11:16:00+05:30,96.45,96.35,R,96.35
2021-04-26 11:22:00+05:30,96.35,96.15,R,96.15
2021-04-26 12:05:00+05:30,96.2,96.15,R,96.15
2021-04-26 13:04:00+05:30,96.5,96.45,R,96.45
2021-04-26 13:06:00+05:30,96.45,96.4,R,96.4
2021-04-26 13:07:00+05:30,96.45,96.4,R,96.4
2021-04-26 13:55:00+05:30,96.35,96.3,R,96.3
2021-04-26 13:57:00+05:30,96.4,96.35,R,96.35
2021-04-26 14:07:00+05:30,96.3,96.2,R,96.2
2021-04-26 14:21:00+05:30,96.25,96.15,R,96.15
2021-04-26 14:41:00+05:30,95.9,95.8,R,95.8
2021-04-27 09:40:00+05:30,96.85,96.75,R,96.75
2021-04-27 09:56:00+05:30,97.35,97.3,R,97.3
2021-04-27 11:16:00+05:30,97.85,97.75,R,97.75
2021-04-27 11:32:00+05:30,97.5,97.45,R,97.45
2021-04-27 13:07:00+05:30,97.55,97.5,R,97.5
2021-04-27 13:08:00+05:30,97.55,97.5,R,97.5
2021-04-27 13:10:00+05:30,97.5,97.45,R,97.45
2021-04-27 13:21:00+05:30,97.45,97.4,R,97.4
2021-04-27 13:59:00+05:30,97.55,97.5,R,97.5
2021-04-27 14:04:00+05:30,97.6,97.55,R,97.55
2021-04-27 14:15:00+05:30,97.6,97.55,R,97.55
2021-04-27 14:45:00+05:30,97.85,97.8,R,97.8
2021-04-28 10:28:00+05:30,98.15,98.1,R,98.1
2021-04-28 11:02:00+05:30,98.25,98.2,R,98.2
2021-04-28 11:45:00+05:30,98.2,98.15,R,98.15
2021-04-28 12:37:00+05:30,98.15,98.1,R,98.1
2021-04-28 12:41:00+05:30,98.2,98.15,R,98.15
2021-04-28 12:52:00+05:30,98.15,98.1,R,98.1
2021-04-28 13:32:00+05:30,98.6,98.55,R,98.55
2021-04-28 13:36:00+05:30,98.65,98.5,R,98.5
2021-04-28 14:09:00+05:30,98.7,98.65,R,98.65
2021-04-28 14:25:00+05:30,98.0,97.95,R,97.95
2021-04-28 15:00:00+05:30,98.15,98.05,R,98.05
2021-04-28 15:29:00+05:30,97.75,97.7,R,97.7
2021-04-29 10:12:00+05:30,98.45,98.4,R,98.4
2021-04-29 10:32:00+05:30,98.6,98.55,R,98.55
2021-04-29 10:39:00+05:30,98.15,98.0,R,98.0
2021-04-29 11:29:00+05:30,98.25,98.1,R,98.1
2021-04-29 12:48:00+05:30,98.8,98.75,R,98.75
2021-04-29 14:22:00+05:30,98.3,98.15,R,98.15
2021-04-29 15:01:00+05:30,97.9,97.85,R,97.85
2021-04-29 15:17:00+05:30,97.65,97.6,R,97.6
2021-04-30 09:30:00+05:30,98.2,98.15,R,98.15
2021-04-30 10:52:00+05:30,100.55,100.5,R,100.5
2021-04-30 11:10:00+05:30,100.5,100.4,R,100.4
2021-04-30 12:02:00+05:30,100.5,100.3,R,100.3
2021-04-30 12:08:00+05:30,100.45,100.4,R,100.4
2021-04-30 13:07:00+05:30,100.4,100.3,R,100.3
2021-04-30 13:23:00+05:30,100.45,100.4,R,100.4
2021-04-30 14:41:00+05:30,99.25,99.15,R,99.15
2021-04-30 14:50:00+05:30,99.15,99.0,R,99.0
2021-04-30 15:20:00+05:30,98.95,98.8,R,98.8
2021-05-03 09:48:00+05:30,97.95,97.9,R,97.9
2021-05-03 10:45:00+05:30,98.75,98.7,R,98.7
2021-05-03 10:55:00+05:30,99.05,99.0,R,99.0
2021-05-03 11:07:00+05:30,98.8,98.75,R,98.75
2021-05-03 11:28:00+05:30,98.6,98.55,R,98.55
2021-05-03 11:30:00+05:30,98.5,98.35,R,98.35
2021-05-03 11:53:00+05:30,98.4,98.3,R,98.3
2021-05-03 13:17:00+05:30,98.35,98.25,R,98.25
2021-05-03 13:25:00+05:30,98.2,98.0,R,98.0
2021-05-03 13:53:00+05:30,98.3,98.25,R,98.25
2021-05-03 15:14:00+05:30,99.9,99.8,R,99.8
2021-05-03 15:22:00+05:30,99.8,99.7,R,99.7
2021-05-03 15:23:00+05:30,99.75,99.7,R,99.7
2021-05-04 09:20:00+05:30,101.95,101.6,R,101.6
2021-05-04 09:43:00+05:30,101.8,101.45,R,101.45
2021-05-04 09:59:00+05:30,101.95,101.85,R,101.85
2021-05-04 10:39:00+05:30,102.25,102.2,R,102.2
2021-05-04 11:04:00+05:30,102.1,102.05,R,102.05
2021-05-04 11:36:00+05:30,103.1,102.95,R,102.95
2021-05-04 11:41:00+05:30,102.9,102.85,R,102.85
2021-05-04 12:45:00+05:30,102.85,102.7,R,102.7
2021-05-04 13:01:00+05:30,102.15,102.05,R,102.05
2021-05-04 13:18:00+05:30,101.7,101.25,R,101.25
2021-05-04 13:21:00+05:30,101.25,101.15,R,101.15
2021-05-04 13:48:00+05:30,101.85,101.7,R,101.7
2021-05-04 13:55:00+05:30,102.0,101.8,R,101.8
2021-05-04 14:43:00+05:30,100.8,100.6,R,100.6
2021-05-04 14:50:00+05:30,101.05,100.95,R,100.95
2021-05-05 09:46:00+05:30,101.3,101.25,R,101.25
2021-05-05 10:33:00+05:30,101.6,101.45,R,101.45
2021-05-05 10:55:00+05:30,101.7,101.55,R,101.55
2021-05-05 10:58:00+05:30,101.55,101.5,R,101.5
2021-05-05 11:32:00+05:30,101.25,101.2,R,101.2
2021-05-05 11:49:00+05:30,101.2,101.1,R,101.1
2021-05-05 12:43:00+05:30,101.6,101.5,R,101.5
2021-05-05 13:07:00+05:30,101.75,101.7,R,101.7
2021-05-05 13:09:00+05:30,101.7,101.65,R,101.65
2021-05-05 13:16:00+05:30,101.9,101.8,R,101.8
2021-05-05 13:41:00+05:30,101.6,101.5,R,101.5
2021-05-05 14:24:00+05:30,101.6,101.55,R,101.55
2021-05-05 15:26:00+05:30,102.05,101.9,R,101.9
2021-05-06 09:24:00+05:30,104.5,104.3,R,104.3
2021-05-06 09:28:00+05:30,104.15,103.9,R,103.9
2021-05-06 09:36:00+05:30,103.45,103.4,R,103.4
2021-05-06 09:52:00+05:30,103.5,103.35,R,103.35
2021-05-06 10:02:00+05:30,103.2,103.1,R,103.1
2021-05-06 10:16:00+05:30,102.65,102.5,R,102.5
2021-05-06 11:22:00+05:30,102.3,102.05,R,102.05
2021-05-06 11:35:00+05:30,102.3,102.25,R,102.25
2021-05-06 11:36:00+05:30,102.3,102.25,R,102.25
2021-05-06 11:52:00+05:30,102.35,102.3,R,102.3
2021-05-06 12:32:00+05:30,102.2,102.15,R,102.15
2021-05-06 13:22:00+05:30,102.15,102.0,R,102.0
2021-05-06 13:54:00+05:30,102.3,102.2,R,102.2
2021-05-06 14:29:00+05:30,102.55,102.45,R,102.45
2021-05-06 15:20:00+05:30,103.0,102.9,R,102.9
2021-05-07 10:16:00+05:30,102.95,102.9,R,102.9
2021-05-07 10:27:00+05:30,102.8,102.75,R,102.75
2021-05-07 11:12:00+05:30,102.7,102.65,R,102.65
2021-05-07 11:18:00+05:30,102.7,102.65,R,102.65
2021-05-07 11:21:00+05:30,102.7,102.65,R,102.65
2021-05-07 11:45:00+05:30,103.1,103.05,R,103.05
2021-05-07 11:57:00+05:30,103.35,103.2,R,103.2
2021-05-07 12:00:00+05:30,103.15,103.05,R,103.05
2021-05-07 12:46:00+05:30,103.1,103.0,R,103.0
2021-05-07 14:35:00+05:30,102.55,102.5,R,102.5
2021-05-07 15:06:00+05:30,102.9,102.75,R,102.75
2021-05-10 09:29:00+05:30,107.05,107.0,R,107.0
2021-05-10 09:57:00+05:30,105.75,105.7,R,105.7
2021-05-10 10:07:00+05:30,106.05,105.9,R,105.9
2021-05-10 10:53:00+05:30,106.0,105.85,R,105.85
2021-05-10 10:59:00+05:30,105.8,105.6,R,105.6
2021-05-10 12:31:00+05:30,105.65,105.55,R,105.55
2021-05-10 12:32:00+05:30,105.6,105.55,R,105.55
2021-05-10 13:08:00+05:30,105.9,105.85,R,105.85
2021-05-10 13:22:00+05:30,105.6,105.55,R,105.55
2021-05-10 13:36:00+05:30,105.6,105.5,R,105.5
2021-05-10 15:18:00+05:30,110.1,109.85,R,109.85
2021-05-11 09:25:00+05:30,111.1,110.45,R,110.45
2021-05-11 11:06:00+05:30,110.25,110.1,R,110.1
2021-05-11 11:46:00+05:30,109.7,109.4,R,109.4
2021-05-11 11:48:00+05:30,109.45,109.35,R,109.35
2021-05-11 12:03:00+05:30,109.4,109.2,R,109.2
2021-05-11 12:12:00+05:30,109.05,108.85,R,108.85
2021-05-11 13:33:00+05:30,108.25,108.2,R,108.2
2021-05-11 14:54:00+05:30,109.4,109.3,R,109.3
2021-05-11 15:29:00+05:30,109.15,109.0,R,109.0
2021-05-12 09:58:00+05:30,107.45,107.35,R,107.35
2021-05-12 11:00:00+05:30,106.35,106.25,R,106.25
2021-05-12 12:07:00+05:30,107.55,107.5,R,107.5
2021-05-12 12:27:00+05:30,107.85,107.8,R,107.8
2021-05-12 13:53:00+05:30,107.45,107.4,R,107.4
2021-05-12 14:17:00+05:30,107.9,107.8,R,107.8
2021-05-14 10:24:00+05:30,103.35,103.3,R,103.3
2021-05-14 10:44:00+05:30,102.9,102.65,R,102.65
2021-05-14 10:46:00+05:30,102.6,102.5,R,102.5
2021-05-14 10:58:00+05:30,102.05,101.9,R,101.9
2021-05-14 11:36:00+05:30,102.35,102.2,R,102.2
2021-05-14 11:54:00+05:30,101.55,101.3,R,101.3
2021-05-14 13:15:00+05:30,102.5,102.4,R,102.4
2021-05-14 13:26:00+05:30,102.8,102.6,R,102.6
2021-05-14 13:56:00+05:30,102.4,102.1,R,102.1
2021-05-14 14:06:00+05:30,102.15,102.05,R,102.05
2021-05-14 14:57:00+05:30,101.6,101.55,R,101.55
2021-05-17 09:37:00+05:30,103.35,103.15,R,103.15
2021-05-17 11:04:00+05:30,102.05,101.95,R,101.95
2021-05-17 11:54:00+05:30,102.45,102.35,R,102.35
2021-05-17 12:30:00+05:30,103.4,103.25,R,103.25
2021-05-17 12:31:00+05:30,103.3,103.25,R,103.25
2021-05-17 13:57:00+05:30,102.6,102.45,R,102.45
2021-05-17 14:36:00+05:30,103.2,103.05,R,103.05
2021-05-17 14:51:00+05:30,102.9,102.85,R,102.85
2021-05-17 14:52:00+05:30,102.9,102.85,R,102.85
2021-05-17 15:21:00+05:30,103.75,103.7,R,103.7
2021-05-18 09:24:00+05:30,105.4,105.35,R,105.35
2021-05-18 09:58:00+05:30,105.65,105.5,R,105.5
2021-05-18 10:30:00+05:30,106.9,106.8,R,106.8
2021-05-18 10:35:00+05:30,107.0,106.9,R,106.9
2021-05-18 11:16:00+05:30,106.3,106.25,R,106.25
2021-05-18 11:17:00+05:30,106.3,106.25,R,106.25
2021-05-18 11:26:00+05:30,106.2,106.15,R,106.15
2021-05-18 12:18:00+05:30,105.7,105.65,R,105.65
2021-05-18 12:19:00+05:30,105.7,105.65,R,105.65
2021-05-18 13:42:00+05:30,105.6,105.55,R,105.55
2021-05-18 14:24:00+05:30,105.35,105.3,R,105.3
2021-05-19 09:32:00+05:30,106.85,106.7,R,106.7
2021-05-19 09:55:00+05:30,106.7,106.55,R,106.55
2021-05-19 10:15:00+05:30,106.55,106.45,R,106.45
2021-05-19 10:16:00+05:30,106.5,106.45,R,106.45
2021-05-19 10:24:00+05:30,105.95,105.85,R,105.85
2021-05-19 10:25:00+05:30,105.9,105.85,R,105.85
2021-05-19 11:03:00+05:30,105.7,105.65,R,105.65
2021-05-19 12:48:00+05:30,105.5,105.45,R,105.45
2021-05-19 12:51:00+05:30,105.5,105.45,R,105.45
2021-05-19 13:28:00+05:30,105.15,105.05,R,105.05
2021-05-19 13:39:00+05:30,104.75,104.65,R,104.65
2021-05-19 13:58:00+05:30,105.0,104.85,R,104.85
2021-05-19 14:14:00+05:30,104.85,104.8,R,104.8
2021-05-20 11:32:00+05:30,103.75,103.65,R,103.65
2021-05-20 11:46:00+05:30,103.95,103.85,R,103.85
2021-05-20 11:53:00+05:30,103.85,103.8,R,103.8
2021-05-20 12:05:00+05:30,103.8,103.7,R,103.7
2021-05-20 12:44:00+05:30,103.45,103.4,R,103.4
2021-05-20 13:55:00+05:30,103.4,103.3,R,103.3
2021-05-20 14:04:00+05:30,103.4,103.35,R,103.35
2021-05-20 14:06:00+05:30,103.35,103.3,R,103.3
2021-05-20 14:53:00+05:30,103.1,103.0,R,103.0
2021-05-21 09:59:00+05:30,105.55,105.4,R,105.4
2021-05-21 10:21:00+05:30,105.35,105.2,R,105.2
2021-05-21 11:13:00+05:30,105.65,105.55,R,105.55
2021-05-21 11:35:00+05:30,105.65,105.55,R,105.55
2021-05-21 11:47:00+05:30,105.5,105.4,R,105.4
2021-05-21 12:35:00+05:30,104.95,104.85,R,104.85
2021-05-21 13:05:00+05:30,105.15,105.1,R,105.1
2021-05-21 13:46:00+05:30,105.0,104.95,R,104.95
2021-05-21 14:12:00+05:30,105.05,105.0,R,105.0
2021-05-21 14:19:00+05:30,105.15,105.1,R,105.1
2021-05-21 14:27:00+05:30,105.05,104.95,R,104.95
2021-05-24 09:39:00+05:30,105.4,105.3,R,105.3
2021-05-24 09:41:00+05:30,105.4,105.35,R,105.35
2021-05-24 09:47:00+05:30,105.15,105.1,R,105.1
2021-05-24 09:49:00+05:30,105.05,105.0,R,105.0
2021-05-24 10:03:00+05:30,104.8,104.7,R,104.7
2021-05-24 10:22:00+05:30,105.45,105.4,R,105.4
2021-05-24 10:29:00+05:30,105.25,105.2,R,105.2
2021-05-24 10:46:00+05:30,105.55,105.5,R,105.5
2021-05-24 11:47:00+05:30,106.95,106.9,R,106.9
2021-05-24 12:04:00+05:30,106.85,106.8,R,106.8
2021-05-24 13:08:00+05:30,107.7,107.6,R,107.6
2021-05-24 13:09:00+05:30,107.65,107.6,R,107.6
2021-05-24 13:10:00+05:30,107.65,107.6,R,107.6
2021-05-24 13:50:00+05:30,107.15,107.0,R,107.0
2021-05-24 13:56:00+05:30,107.15,107.1,R,107.1
2021-05-24 14:06:00+05:30,106.9,106.85,R,106.85
2021-05-24 14:41:00+05:30,107.1,107.0,R,107.0
2021-05-24 14:52:00+05:30,107.05,107.0,R,107.0
2021-05-24 15:23:00+05:30,107.55,107.45,R,107.45
2021-05-25 09:49:00+05:30,108.95,108.9,R,108.9
2021-05-25 10:43:00+05:30,109.1,109.05,R,109.05
2021-05-25 10:53:00+05:30,108.55,108.5,R,108.5
2021-05-25 11:02:00+05:30,108.5,108.35,R,108.35
2021-05-25 11:35:00+05:30,108.2,108.15,R,108.15
2021-05-25 12:07:00+05:30,108.2,108.05,R,108.05
2021-05-25 12:16:00+05:30,108.15,108.05,R,108.05
2021-05-25 12:49:00+05:30,108.45,108.4,R,108.4
2021-05-25 12:52:00+05:30,108.45,108.4,R,108.4
2021-05-25 12:56:00+05:30,108.45,108.35,R,108.35
2021-05-25 12:59:00+05:30,108.35,108.25,R,108.25
2021-05-25 13:01:00+05:30,108.25,108.15,R,108.15
2021-05-25 13:24:00+05:30,107.4,107.35,R,107.35
2021-05-25 13:25:00+05:30,107.4,107.35,R,107.35
2021-05-25 14:33:00+05:30,107.6,107.55,R,107.55
2021-05-25 14:40:00+05:30,107.55,107.5,R,107.5
2021-05-25 14:47:00+05:30,107.45,107.25,R,107.25
2021-05-26 09:38:00+05:30,107.2,107.05,R,107.05
2021-05-26 09:54:00+05:30,107.05,107.0,R,107.0
2021-05-26 10:04:00+05:30,106.9,106.8,R,106.8
2021-05-26 10:43:00+05:30,107.0,106.95,R,106.95
2021-05-26 10:57:00+05:30,107.1,107.05,R,107.05
2021-05-26 11:07:00+05:30,107.5,107.45,R,107.45
2021-05-26 11:57:00+05:30,107.35,107.3,R,107.3
2021-05-26 12:16:00+05:30,107.6,107.5,R,107.5
2021-05-26 12:25:00+05:30,107.4,107.35,R,107.35
2021-05-26 12:30:00+05:30,107.5,107.45,R,107.45
2021-05-26 13:42:00+05:30,106.95,106.9,R,106.9
2021-05-26 13:47:00+05:30,106.9,106.85,R,106.85
2021-05-26 13:53:00+05:30,106.8,106.75,R,106.75
2021-05-26 14:03:00+05:30,107.0,106.95,R,106.95
2021-05-26 14:22:00+05:30,106.7,106.65,R,106.65
2021-05-26 14:24:00+05:30,106.7,106.6,R,106.6
2021-05-26 14:47:00+05:30,106.15,106.1,R,106.1
2021-05-26 14:51:00+05:30,106.2,106.05,R,106.05
2021-05-26 14:58:00+05:30,106.15,106.0,R,106.0
2021-05-26 15:10:00+05:30,106.1,106.0,R,106.0
2021-05-27 09:17:00+05:30,106.15,106.05,R,106.05
2021-05-27 09:33:00+05:30,105.2,105.15,R,105.15
2021-05-27 10:30:00+05:30,105.7,105.6,R,105.6
2021-05-27 10:39:00+05:30,105.5,105.4,R,105.4
2021-05-27 10:40:00+05:30,105.5,105.4,R,105.4
2021-05-27 11:15:00+05:30,105.55,105.5,R,105.5
2021-05-27 11:42:00+05:30,105.5,105.45,R,105.45
2021-05-27 12:13:00+05:30,106.05,106.0,R,106.0
2021-05-27 12:14:00+05:30,106.05,106.0,R,106.0
2021-05-27 12:25:00+05:30,106.1,106.0,R,106.0
2021-05-27 12:35:00+05:30,106.3,106.25,R,106.25
2021-05-27 13:15:00+05:30,106.8,106.7,R,106.7
2021-05-27 14:50:00+05:30,106.1,105.9,R,105.9
2021-05-27 14:52:00+05:30,105.9,105.85,R,105.85
2021-05-27 15:25:00+05:30,106.65,106.6,R,106.6
2021-05-27 15:26:00+05:30,106.65,106.6,R,106.6
2021-05-28 09:18:00+05:30,107.35,107.15,R,107.15
2021-05-28 09:50:00+05:30,106.7,106.6,R,106.6
2021-05-28 10:00:00+05:30,106.65,106.55,R,106.55
2021-05-28 10:18:00+05:30,106.25,106.15,R,106.15
2021-05-28 10:29:00+05:30,106.25,106.1,R,106.1
2021-05-28 11:01:00+05:30,105.5,105.4,R,105.4
2021-05-28 12:32:00+05:30,105.45,105.4,R,105.4
2021-05-28 14:28:00+05:30,105.9,105.85,R,105.85
2021-05-28 14:35:00+05:30,105.95,105.9,R,105.9
2021-05-28 14:45:00+05:30,105.65,105.6,R,105.6
2021-05-28 14:52:00+05:30,105.6,105.55,R,105.55
2021-05-28 15:08:00+05:30,105.35,105.25,R,105.25
2021-05-31 10:59:00+05:30,105.95,105.9,R,105.9
2021-05-31 11:07:00+05:30,105.9,105.8,R,105.8
2021-05-31 14:17:00+05:30,106.35,106.3,R,106.3
2021-05-31 14:48:00+05:30,106.35,106.3,R,106.3
2021-05-31 14:55:00+05:30,106.25,106.2,R,106.2
2021-06-01 09:36:00+05:30,105.9,105.8,R,105.8
2021-06-01 09:45:00+05:30,106.15,105.95,R,105.95
2021-06-01 09:57:00+05:30,105.4,105.35,R,105.35
2021-06-01 10:17:00+05:30,105.05,105.0,R,105.0
2021-06-01 11:06:00+05:30,105.0,104.8,R,104.8
2021-06-01 11:07:00+05:30,104.85,104.8,R,104.8
2021-06-01 11:31:00+05:30,104.55,104.45,R,104.45
2021-06-01 12:27:00+05:30,104.5,104.35,R,104.35
2021-06-01 12:51:00+05:30,104.6,104.55,R,104.55
2021-06-01 13:06:00+05:30,104.6,104.5,R,104.5
2021-06-01 13:07:00+05:30,104.55,104.5,R,104.5
2021-06-01 13:20:00+05:30,104.9,104.85,R,104.85
2021-06-01 13:28:00+05:30,104.9,104.85,R,104.85
2021-06-01 13:31:00+05:30,104.9,104.8,R,104.8
2021-06-01 13:55:00+05:30,104.6,104.5,R,104.5
2021-06-01 13:56:00+05:30,104.55,104.5,R,104.5
2021-06-01 14:08:00+05:30,104.4,104.35,R,104.35
2021-06-01 14:41:00+05:30,104.6,104.55,R,104.55
2021-06-01 14:44:00+05:30,104.55,104.5,R,104.5
2021-06-01 14:53:00+05:30,104.5,104.45,R,104.45
2021-06-01 15:15:00+05:30,104.6,104.5,R,104.5
2021-06-01 15:22:00+05:30,104.8,104.75,R,104.75
2021-06-01 15:28:00+05:30,104.9,104.85,R,104.85
2021-06-02 09:29:00+05:30,105.85,105.6,R,105.6
2021-06-02 11:01:00+05:30,106.9,106.85,R,106.85
2021-06-02 11:02:00+05:30,106.9,106.85,R,106.85
2021-06-02 11:51:00+05:30,106.9,106.85,R,106.85
2021-06-02 12:31:00+05:30,107.0,106.95,R,106.95
2021-06-02 12:35:00+05:30,107.0,106.9,R,106.9
2021-06-02 13:23:00+05:30,107.0,106.95,R,106.95
2021-06-02 14:24:00+05:30,107.05,106.95,R,106.95
2021-06-02 15:10:00+05:30,108.3,108.05,R,108.05
2021-06-03 09:41:00+05:30,109.6,109.5,R,109.5
2021-06-03 10:07:00+05:30,108.45,108.25,R,108.25
2021-06-03 10:56:00+05:30,109.2,109.05,R,109.05
2021-06-03 11:40:00+05:30,109.25,109.1,R,109.1
2021-06-03 11:42:00+05:30,109.1,109.05,R,109.05
2021-06-03 11:58:00+05:30,109.15,109.0,R,109.0
2021-06-03 12:08:00+05:30,109.0,108.9,R,108.9
2021-06-03 12:14:00+05:30,108.9,108.85,R,108.85
2021-06-03 12:18:00+05:30,109.0,108.9,R,108.9
2021-06-03 12:39:00+05:30,108.85,108.8,R,108.8
2021-06-03 12:43:00+05:30,108.7,108.65,R,108.65
2021-06-03 13:12:00+05:30,108.85,108.7,R,108.7
2021-06-03 13:21:00+05:30,108.65,108.6,R,108.6
2021-06-03 13:43:00+05:30,108.5,108.45,R,108.45
2021-06-03 13:52:00+05:30,108.6,108.55,R,108.55
2021-06-03 13:53:00+05:30,108.6,108.55,R,108.55
2021-06-03 14:18:00+05:30,108.45,108.3,R,108.3
2021-06-03 14:35:00+05:30,108.4,108.35,R,108.35
2021-06-03 14:36:00+05:30,108.4,108.35,R,108.35
2021-06-03 14:37:00+05:30,108.4,108.35,R,108.35
2021-06-04 09:22:00+05:30,108.15,108.05,R,108.05
2021-06-04 09:28:00+05:30,108.45,108.4,R,108.4
2021-06-04 10:20:00+05:30,108.4,108.3,R,108.3
2021-06-04 10:21:00+05:30,108.35,108.3,R,108.3
2021-06-04 10:34:00+05:30,108.15,108.05,R,108.05
2021-06-04 10:46:00+05:30,108.0,107.9,R,107.9
2021-06-04 11:18:00+05:30,107.5,107.4,R,107.4
2021-06-04 12:24:00+05:30,107.95,107.85,R,107.85
2021-06-04 12:31:00+05:30,108.0,107.95,R,107.95
2021-06-04 12:55:00+05:30,108.25,108.2,R,108.2
2021-06-04 13:04:00+05:30,108.3,108.1,R,108.1
2021-06-04 13:08:00+05:30,108.05,108.0,R,108.0
2021-06-04 13:39:00+05:30,107.95,107.7,R,107.7
2021-06-04 13:51:00+05:30,107.65,107.6,R,107.6
2021-06-04 13:52:00+05:30,107.65,107.6,R,107.6
2021-06-07 10:06:00+05:30,111.95,111.8,R,111.8
2021-06-07 10:27:00+05:30,112.6,112.25,R,112.25
2021-06-07 10:28:00+05:30,112.35,112.25,R,112.25
2021-06-07 10:40:00+05:30,112.3,112.1,R,112.1
2021-06-07 10:46:00+05:30,112.3,112.2,R,112.2
2021-06-07 11:27:00+05:30,114.4,114.2,R,114.2
2021-06-07 13:41:00+05:30,114.0,113.95,R,113.95
2021-06-07 13:51:00+05:30,114.0,113.95,R,113.95
2021-06-07 13:57:00+05:30,114.0,113.95,R,113.95
2021-06-07 14:07:00+05:30,114.2,114.15,R,114.15
2021-06-07 15:02:00+05:30,113.5,113.35,R,113.35
2021-06-08 09:35:00+05:30,117.0,116.85,R,116.85
2021-06-08 10:35:00+05:30,117.4,117.15,R,117.15
2021-06-08 11:35:00+05:30,117.75,117.7,R,117.7
2021-06-08 13:37:00+05:30,118.0,117.8,R,117.8
2021-06-08 15:18:00+05:30,117.2,117.05,R,117.05
2021-06-08 15:26:00+05:30,117.2,117.15,R,117.15
2021-06-09 10:01:00+05:30,119.8,119.6,R,119.6
2021-06-09 12:17:00+05:30,130.0,129.85,R,129.85
2021-06-09 14:11:00+05:30,126.65,126.4,R,126.4
2021-06-09 15:18:00+05:30,124.7,124.5,R,124.5
2021-06-10 09:18:00+05:30,127.2,127.05,R,127.05
2021-06-10 10:58:00+05:30,126.25,126.2,R,126.2
2021-06-10 12:23:00+05:30,128.25,128.2,R,128.2
2021-06-10 13:25:00+05:30,127.95,127.7,R,127.7
2021-06-10 13:36:00+05:30,127.9,127.85,R,127.85
2021-06-10 14:11:00+05:30,127.25,127.1,R,127.1
2021-06-10 14:12:00+05:30,127.15,127.1,R,127.1
2021-06-10 15:05:00+05:30,127.75,127.65,R,127.65
2021-06-11 09:19:00+05:30,127.85,127.7,R,127.7
2021-06-11 09:37:00+05:30,126.85,126.7,R,126.7
2021-06-11 10:14:00+05:30,126.85,126.7,R,126.7
2021-06-11 10:37:00+05:30,126.35,126.3,R,126.3
2021-06-11 10:45:00+05:30,126.3,126.15,R,126.15
2021-06-11 10:58:00+05:30,125.85,125.75,R,125.75
2021-06-11 11:04:00+05:30,126.1,125.95,R,125.95
2021-06-11 11:06:00+05:30,126.0,125.9,R,125.9
2021-06-11 11:21:00+05:30,125.7,125.6,R,125.6
2021-06-11 11:22:00+05:30,125.65,125.6,R,125.6
2021-06-11 12:05:00+05:30,125.55,125.5,R,125.5
2021-06-11 13:50:00+05:30,125.9,125.8,R,125.8
2021-06-11 13:54:00+05:30,125.8,125.75,R,125.75
2021-06-11 14:07:00+05:30,126.1,126.05,R,126.05
2021-06-11 14:21:00+05:30,126.15,126.1,R,126.1
2021-06-11 14:25:00+05:30,126.2,126.15,R,126.15
2021-06-11 14:42:00+05:30,126.1,125.95,R,125.95
2021-06-11 14:51:00+05:30,126.0,125.8,R,125.8
2021-06-11 15:10:00+05:30,125.8,125.75,R,125.75
2021-06-11 15:16:00+05:30,125.8,125.75,R,125.75
2021-06-14 09:44:00+05:30,120.4,120.15,R,120.15
2021-06-14 11:56:00+05:30,122.1,122.05,R,122.05
2021-06-14 14:07:00+05:30,123.0,122.95,R,122.95
2021-06-14 14:46:00+05:30,122.65,122.6,R,122.6
2021-06-14 15:09:00+05:30,123.4,123.3,R,123.3
2021-06-14 15:17:00+05:30,123.6,123.55,R,123.55
2021-06-14 15:19:00+05:30,123.55,123.5,R,123.5
2021-06-15 10:17:00+05:30,124.2,124.05,R,124.05
2021-06-15 11:22:00+05:30,123.25,123.15,R,123.15
2021-06-15 11:59:00+05:30,123.0,122.9,R,122.9
2021-06-15 13:10:00+05:30,123.1,123.0,R,123.0
2021-06-15 14:16:00+05:30,122.95,122.85,R,122.85
2021-06-15 15:18:00+05:30,122.25,122.1,R,122.1
2021-06-16 09:32:00+05:30,122.7,122.65,R,122.65
2021-06-16 10:14:00+05:30,121.5,121.2,R,121.2
2021-06-16 10:45:00+05:30,120.9,120.85,R,120.85
2021-06-16 10:55:00+05:30,120.8,120.7,R,120.7
2021-06-16 12:11:00+05:30,121.55,121.5,R,121.5
2021-06-16 12:23:00+05:30,121.8,121.55,R,121.55
2021-06-16 13:21:00+05:30,122.35,122.3,R,122.3
2021-06-16 13:24:00+05:30,122.65,122.55,R,122.55
2021-06-16 15:07:00+05:30,126.7,126.35,R,126.35
2021-06-17 10:30:00+05:30,125.95,125.8,R,125.8
2021-06-17 11:08:00+05:30,125.05,124.9,R,124.9
2021-06-17 11:31:00+05:30,124.75,124.65,R,124.65
2021-06-17 12:50:00+05:30,124.65,124.6,R,124.6
2021-06-17 13:40:00+05:30,124.4,124.25,R,124.25
2021-06-17 14:08:00+05:30,123.5,123.25,R,123.25
2021-06-17 15:29:00+05:30,123.45,123.35,R,123.35
2021-06-18 09:17:00+05:30,123.75,123.5,R,123.5
2021-06-18 09:27:00+05:30,123.5,123.45,R,123.45
2021-06-18 09:30:00+05:30,123.1,122.8,R,122.8
2021-06-18 09:44:00+05:30,121.9,121.75,R,121.75
2021-06-18 10:25:00+05:30,120.9,120.5,R,120.5
2021-06-18 10:27:00+05:30,120.6,120.1,R,120.1
2021-06-18 10:42:00+05:30,120.15,119.95,R,119.95
2021-06-18 10:51:00+05:30,119.3,119.05,R,119.05
2021-06-18 12:07:00+05:30,120.35,120.1,R,120.1
2021-06-18 12:23:00+05:30,120.65,120.55,R,120.55
2021-06-18 12:28:00+05:30,120.5,120.4,R,120.4
2021-06-18 13:26:00+05:30,119.8,119.7,R,119.7
2021-06-18 14:13:00+05:30,121.05,120.95,R,120.95
2021-06-21 10:12:00+05:30,120.2,120.05,R,120.05
2021-06-21 11:15:00+05:30,120.05,119.85,R,119.85
2021-06-21 11:38:00+05:30,120.3,120.2,R,120.2
2021-06-21 12:42:00+05:30,122.25,121.95,R,121.95
2021-06-21 13:25:00+05:30,122.3,122.25,R,122.25
2021-06-21 14:07:00+05:30,122.55,122.4,R,122.4
2021-06-21 14:20:00+05:30,122.55,122.5,R,122.5
2021-06-21 14:58:00+05:30,123.5,123.4,R,123.4
2021-06-21 15:01:00+05:30,123.3,123.2,R,123.2
2021-06-21 15:13:00+05:30,123.3,123.2,R,123.2
2021-06-22 10:16:00+05:30,123.8,123.7,R,123.7
2021-06-22 11:02:00+05:30,123.3,123.25,R,123.25
2021-06-22 11:09:00+05:30,123.1,123.05,R,123.05
2021-06-22 11:14:00+05:30,123.0,122.95,R,122.95
2021-06-22 11:21:00+05:30,122.8,122.75,R,122.75
2021-06-22 11:34:00+05:30,122.8,122.6,R,122.6
2021-06-22 12:43:00+05:30,123.6,123.45,R,123.45
2021-06-22 14:48:00+05:30,122.55,122.3,R,122.3
2021-06-22 15:29:00+05:30,121.6,121.5,R,121.5
2021-06-23 09:21:00+05:30,122.05,121.85,R,121.85
2021-06-23 09:53:00+05:30,122.7,122.55,R,122.55
2021-06-23 10:12:00+05:30,122.3,122.15,R,122.15
2021-06-23 10:13:00+05:30,122.2,122.15,R,122.15
2021-06-23 10:27:00+05:30,122.3,122.25,R,122.25
2021-06-23 10:58:00+05:30,122.55,122.45,R,122.45
2021-06-23 10:59:00+05:30,122.5,122.45,R,122.45
2021-06-23 11:13:00+05:30,122.55,122.5,R,122.5
2021-06-23 11:16:00+05:30,122.6,122.3,R,122.3
2021-06-23 11:23:00+05:30,122.45,122.35,R,122.35
2021-06-23 11:39:00+05:30,122.55,122.45,R,122.45
2021-06-23 12:50:00+05:30,122.45,122.35,R,122.35
2021-06-23 14:39:00+05:30,121.1,121.0,R,121.0
2021-06-24 09:21:00+05:30,121.25,121.1,R,121.1
2021-06-24 10:55:00+05:30,119.8,119.75,R,119.75
2021-06-24 11:00:00+05:30,119.6,119.55,R,119.55
2021-06-24 11:20:00+05:30,119.65,119.55,R,119.55
2021-06-24 11:27:00+05:30,119.5,119.4,R,119.4
2021-06-24 11:33:00+05:30,119.25,119.15,R,119.15
2021-06-24 12:12:00+05:30,119.8,119.7,R,119.7
2021-06-24 12:57:00+05:30,120.05,120.0,R,120.0
2021-06-24 13:03:00+05:30,119.95,119.9,R,119.9
2021-06-24 13:55:00+05:30,119.9,119.85,R,119.85
2021-06-24 13:56:00+05:30,119.9,119.85,R,119.85
2021-06-24 14:05:00+05:30,119.75,119.7,R,119.7
2021-06-24 14:28:00+05:30,118.8,118.75,R,118.75
2021-06-24 14:57:00+05:30,118.65,118.6,R,118.6
2021-06-25 09:25:00+05:30,120.85,120.7,R,120.7
2021-06-25 09:29:00+05:30,120.5,120.25,R,120.25
2021-06-25 09:56:00+05:30,122.25,121.9,R,121.9
2021-06-25 10:03:00+05:30,121.55,121.2,R,121.2
2021-06-25 10:33:00+05:30,121.6,121.45,R,121.45
2021-06-25 10:36:00+05:30,121.5,121.35,R,121.35
2021-06-25 11:23:00+05:30,122.15,122.0,R,122.0
2021-06-25 11:26:00+05:30,122.0,121.95,R,121.95
2021-06-25 12:29:00+05:30,121.8,121.75,R,121.75
2021-06-25 13:20:00+05:30,121.65,121.55,R,121.55
2021-06-25 13:24:00+05:30,121.5,121.3,R,121.3
2021-06-25 13:36:00+05:30,121.25,121.2,R,121.2
2021-06-25 13:52:00+05:30,121.2,121.05,R,121.05
2021-06-25 15:06:00+05:30,121.2,121.15,R,121.15
2021-06-25 15:14:00+05:30,121.1,121.05,R,121.05
2021-06-28 10:09:00+05:30,121.6,121.55,R,121.55
2021-06-28 10:56:00+05:30,122.45,122.35,R,122.35
2021-06-28 10:59:00+05:30,122.4,122.35,R,122.35
2021-06-28 11:22:00+05:30,123.0,122.95,R,122.95
2021-06-28 12:45:00+05:30,123.0,122.95,R,122.95
2021-06-28 12:50:00+05:30,122.9,122.8,R,122.8
2021-06-28 13:07:00+05:30,122.85,122.8,R,122.8
2021-06-28 13:25:00+05:30,122.75,122.6,R,122.6
2021-06-28 14:05:00+05:30,122.55,122.5,R,122.5
2021-06-28 14:24:00+05:30,122.65,122.6,R,122.6
2021-06-28 14:56:00+05:30,122.9,122.8,R,122.8
2021-06-28 14:58:00+05:30,122.8,122.75,R,122.75
2021-06-28 15:18:00+05:30,122.6,122.55,R,122.55
2021-06-28 15:26:00+05:30,122.8,122.75,R,122.75
2021-06-28 15:27:00+05:30,122.8,122.75,R,122.75
2021-06-29 09:49:00+05:30,124.0,123.85,R,123.85
2021-06-29 11:14:00+05:30,123.1,123.05,R,123.05
2021-06-29 11:35:00+05:30,123.2,123.0,R,123.0
2021-06-29 11:49:00+05:30,123.3,123.15,R,123.15
2021-06-29 13:40:00+05:30,123.35,123.25,R,123.25
2021-06-29 14:08:00+05:30,123.1,123.05,R,123.05
2021-06-29 14:09:00+05:30,123.1,123.05,R,123.05
2021-06-29 15:05:00+05:30,123.0,122.65,R,122.65
2021-06-29 15:17:00+05:30,122.8,122.65,R,122.65
2021-06-30 09:41:00+05:30,122.2,122.0,R,122.0
2021-06-30 10:30:00+05:30,122.3,122.25,R,122.25
2021-06-30 11:08:00+05:30,122.35,122.3,R,122.3
2021-06-30 11:59:00+05:30,123.55,123.4,R,123.4
2021-06-30 12:29:00+05:30,123.35,123.3,R,123.3
2021-06-30 12:43:00+05:30,123.15,123.1,R,123.1
2021-06-30 12:46:00+05:30,123.1,123.05,R,123.05
2021-06-30 12:56:00+05:30,123.5,123.35,R,123.35
2021-06-30 13:17:00+05:30,123.5,123.4,R,123.4
2021-06-30 13:59:00+05:30,123.05,123.0,R,123.0
2021-06-30 14:35:00+05:30,122.7,122.5,R,122.5
2021-06-30 14:56:00+05:30,122.35,122.25,R,122.25
2021-07-01 09:44:00+05:30,121.75,121.7,R,121.7
2021-07-01 09:46:00+05:30,121.7,121.6,R,121.6
2021-07-01 09:47:00+05:30,121.65,121.6,R,121.6
2021-07-01 09:53:00+05:30,121.95,121.9,R,121.9
2021-07-01 09:55:00+05:30,121.9,121.85,R,121.85
2021-07-01 10:02:00+05:30,121.75,121.6,R,121.6
2021-07-01 10:25:00+05:30,121.7,121.65,R,121.65
2021-07-01 10:41:00+05:30,121.45,121.3,R,121.3
2021-07-01 10:58:00+05:30,121.45,121.35,R,121.35
2021-07-01 11:02:00+05:30,121.7,121.6,R,121.6
2021-07-01 11:46:00+05:30,121.5,121.4,R,121.4
2021-07-01 11:57:00+05:30,121.6,121.5,R,121.5
2021-07-01 12:14:00+05:30,121.35,121.3,R,121.3
2021-07-01 12:15:00+05:30,121.35,121.3,R,121.3
2021-07-01 12:52:00+05:30,121.5,121.4,R,121.4
2021-07-01 13:10:00+05:30,121.65,121.6,R,121.6
2021-07-01 14:49:00+05:30,121.55,121.5,R,121.5
2021-07-01 15:01:00+05:30,121.45,121.35,R,121.35
2021-07-01 15:02:00+05:30,121.4,121.35,R,121.35
2021-07-02 09:33:00+05:30,122.0,121.95,R,121.95
2021-07-02 09:59:00+05:30,122.2,122.15,R,122.15
2021-07-02 10:01:00+05:30,122.1,122.05,R,122.05
2021-07-02 10:21:00+05:30,122.1,122.05,R,122.05
2021-07-02 10:31:00+05:30,122.1,122.0,R,122.0
2021-07-02 10:43:00+05:30,122.0,121.9,R,121.9
2021-07-02 11:12:00+05:30,121.85,121.75,R,121.75
2021-07-02 11:19:00+05:30,121.9,121.8,R,121.8
2021-07-02 12:13:00+05:30,121.55,121.5,R,121.5
2021-07-02 13:50:00+05:30,121.1,121.0,R,121.0
2021-07-02 14:02:00+05:30,121.0,120.9,R,120.9
2021-07-05 09:55:00+05:30,123.8,123.7,R,123.7
2021-07-05 10:41:00+05:30,125.75,125.65,R,125.65
2021-07-05 10:44:00+05:30,125.75,125.7,R,125.7
2021-07-05 11:10:00+05:30,126.0,125.9,R,125.9
2021-07-05 11:26:00+05:30,126.05,126.0,R,126.0
2021-07-05 11:31:00+05:30,125.85,125.8,R,125.8
2021-07-05 11:35:00+05:30,125.75,125.7,R,125.7
2021-07-05 12:35:00+05:30,125.7,125.65,R,125.65
2021-07-05 13:23:00+05:30,126.3,126.2,R,126.2
2021-07-05 13:41:00+05:30,125.95,125.9,R,125.9
2021-07-05 14:16:00+05:30,125.9,125.85,R,125.85
2021-07-05 14:24:00+05:30,125.85,125.8,R,125.8
2021-07-05 14:43:00+05:30,125.9,125.8,R,125.8
2021-07-05 15:26:00+05:30,125.8,125.75,R,125.75
2021-07-05 15:27:00+05:30,125.8,125.75,R,125.75
2021-07-06 09:56:00+05:30,126.2,125.95,R,125.95
2021-07-06 11:54:00+05:30,126.05,125.9,R,125.9
2021-07-06 12:18:00+05:30,125.9,125.85,R,125.85
2021-07-06 12:19:00+05:30,125.9,125.85,R,125.85
2021-07-06 12:20:00+05:30,125.9,125.85,R,125.85
2021-07-06 13:05:00+05:30,125.8,125.7,R,125.7
2021-07-06 13:15:00+05:30,125.7,125.6,R,125.6
2021-07-06 13:54:00+05:30,125.6,125.5,R,125.5
2021-07-06 13:58:00+05:30,125.4,125.35,R,125.35
2021-07-06 14:39:00+05:30,123.2,122.95,R,122.95
2021-07-06 15:20:00+05:30,122.95,122.9,R,122.9
2021-07-07 09:43:00+05:30,123.25,123.0,R,123.0
2021-07-07 10:41:00+05:30,122.85,122.8,R,122.8
2021-07-07 10:57:00+05:30,122.6,122.4,R,122.4
2021-07-07 10:58:00+05:30,122.45,122.4,R,122.4
2021-07-07 10:59:00+05:30,122.45,122.4,R,122.4
2021-07-07 11:25:00+05:30,122.9,122.85,R,122.85
2021-07-07 12:18:00+05:30,122.65,122.6,R,122.6
2021-07-07 12:19:00+05:30,122.65,122.6,R,122.6
2021-07-07 12:51:00+05:30,122.85,122.8,R,122.8
2021-07-07 13:57:00+05:30,123.4,123.35,R,123.35
2021-07-07 14:02:00+05:30,123.65,123.6,R,123.6
2021-07-07 14:08:00+05:30,123.6,123.55,R,123.55
2021-07-07 14:37:00+05:30,123.95,123.85,R,123.85
2021-07-07 14:50:00+05:30,123.6,123.55,R,123.55
2021-07-08 09:25:00+05:30,125.0,124.8,R,124.8
2021-07-08 11:52:00+05:30,124.65,124.6,R,124.6
2021-07-08 13:45:00+05:30,124.15,124.1,R,124.1
2021-07-08 14:00:00+05:30,123.1,123.05,R,123.05
2021-07-08 14:16:00+05:30,123.25,123.2,R,123.2
2021-07-08 14:25:00+05:30,123.25,122.85,R,122.85
2021-07-09 09:36:00+05:30,123.1,122.9,R,122.9
2021-07-09 09:58:00+05:30,123.3,123.25,R,123.25
2021-07-09 12:10:00+05:30,123.95,123.9,R,123.9
2021-07-09 13:24:00+05:30,124.0,123.9,R,123.9
2021-07-09 14:33:00+05:30,123.75,123.6,R,123.6
2021-07-12 09:55:00+05:30,125.0,124.95,R,124.95
2021-07-12 10:07:00+05:30,124.95,124.85,R,124.85
2021-07-12 10:43:00+05:30,125.05,124.95,R,124.95
2021-07-12 10:44:00+05:30,125.0,124.95,R,124.95
2021-07-12 11:08:00+05:30,125.05,125.0,R,125.0
2021-07-12 11:58:00+05:30,124.85,124.8,R,124.8
2021-07-12 12:14:00+05:30,124.9,124.8,R,124.8
2021-07-12 13:10:00+05:30,124.35,124.3,R,124.3
2021-07-12 14:57:00+05:30,123.95,123.9,R,123.9
2021-07-12 15:01:00+05:30,124.05,124.0,R,124.0
2021-07-12 15:14:00+05:30,123.85,123.75,R,123.75
2021-07-12 15:29:00+05:30,123.65,123.6,R,123.6
2021-07-13 10:03:00+05:30,125.05,124.95,R,124.95
2021-07-13 10:05:00+05:30,124.95,124.9,R,124.9
2021-07-13 10:27:00+05:30,124.8,124.65,R,124.65
2021-07-13 11:29:00+05:30,124.2,124.1,R,124.1
2021-07-13 11:40:00+05:30,124.15,124.1,R,124.1
2021-07-13 11:55:00+05:30,124.3,124.25,R,124.25
2021-07-13 13:03:00+05:30,123.6,123.5,R,123.5
2021-07-13 14:02:00+05:30,123.5,123.45,R,123.45
2021-07-13 14:34:00+05:30,123.7,123.65,R,123.65
2021-07-13 14:47:00+05:30,124.0,123.85,R,123.85
2021-07-13 14:48:00+05:30,123.95,123.85,R,123.85
2021-07-13 15:06:00+05:30,124.05,124.0,R,124.0
2021-07-13 15:20:00+05:30,124.05,124.0,R,124.0
2021-07-13 15:21:00+05:30,124.05,124.0,R,124.0
2021-07-14 09:49:00+05:30,125.5,125.4,R,125.4
2021-07-14 10:32:00+05:30,125.0,124.95,R,124.95
2021-07-14 10:40:00+05:30,125.1,125.05,R,125.05
2021-07-14 10:44:00+05:30,125.05,124.95,R,124.95
2021-07-14 10:46:00+05:30,125.0,124.95,R,124.95
2021-07-14 11:21:00+05:30,124.95,124.85,R,124.85
2021-07-14 11:45:00+05:30,124.8,124.7,R,124.7
2021-07-14 12:08:00+05:30,124.45,124.4,R,124.4
2021-07-14 12:35:00+05:30,124.45,124.4,R,124.4
2021-07-14 12:39:00+05:30,124.5,124.45,R,124.45
2021-07-14 13:18:00+05:30,124.55,124.5,R,124.5
2021-07-14 13:19:00+05:30,124.55,124.5,R,124.5
2021-07-14 14:16:00+05:30,124.3,124.25,R,124.25
2021-07-14 14:29:00+05:30,124.85,124.8,R,124.8
2021-07-14 14:58:00+05:30,124.55,124.5,R,124.5
2021-07-14 14:59:00+05:30,124.55,124.5,R,124.5
2021-07-15 09:25:00+05:30,125.1,125.05,R,125.05
2021-07-15 09:36:00+05:30,125.3,125.15,R,125.15
2021-07-15 09:48:00+05:30,125.0,124.9,R,124.9
2021-07-15 10:09:00+05:30,125.0,124.9,R,124.9
2021-07-15 10:11:00+05:30,124.9,124.8,R,124.8
2021-07-15 11:22:00+05:30,124.5,124.45,R,124.45
2021-07-15 12:05:00+05:30,125.25,125.2,R,125.2
2021-07-15 12:45:00+05:30,125.3,125.2,R,125.2
2021-07-15 13:24:00+05:30,125.0,124.95,R,124.95
2021-07-15 13:36:00+05:30,125.05,125.0,R,125.0
2021-07-15 13:38:00+05:30,125.0,124.95,R,124.95
2021-07-15 14:31:00+05:30,125.0,124.95,R,124.95
2021-07-15 14:42:00+05:30,124.9,124.75,R,124.75
2021-07-15 15:03:00+05:30,124.55,124.5,R,124.5
2021-07-15 15:05:00+05:30,124.55,124.45,R,124.45
2021-07-15 15:29:00+05:30,124.6,124.45,R,124.45
2021-07-16 10:11:00+05:30,124.25,124.2,R,124.2
2021-07-16 10:12:00+05:30,124.25,124.2,R,124.2
2021-07-16 10:51:00+05:30,124.1,124.0,R,124.0
2021-07-16 10:52:00+05:30,124.1,124.0,R,124.0
2021-07-16 11:32:00+05:30,124.05,124.0,R,124.0
2021-07-16 11:40:00+05:30,124.05,124.0,R,124.0
2021-07-16 13:02:00+05:30,123.9,123.85,R,123.85
2021-07-16 13:19:00+05:30,124.0,123.95,R,123.95
2021-07-16 14:14:00+05:30,124.2,124.05,R,124.05
2021-07-16 14:47:00+05:30,124.45,124.4,R,124.4
2021-07-16 15:00:00+05:30,124.35,124.3,R,124.3
2021-07-16 15:08:00+05:30,124.35,124.3,R,124.3
2021-07-16 15:18:00+05:30,124.1,124.0,R,124.0
2021-07-16 15:20:00+05:30,124.05,123.9,R,123.9
2021-07-19 09:57:00+05:30,128.0,127.9,R,127.9
2021-07-19 10:00:00+05:30,127.65,127.3,R,127.3
2021-07-19 10:22:00+05:30,127.7,127.6,R,127.6
2021-07-19 11:46:00+05:30,127.4,127.35,R,127.35
2021-07-19 12:03:00+05:30,127.2,127.1,R,127.1
2021-07-19 12:06:00+05:30,127.15,127.1,R,127.1
2021-07-19 12:10:00+05:30,126.95,126.9,R,126.9
2021-07-19 12:31:00+05:30,126.65,126.4,R,126.4
2021-07-19 12:33:00+05:30,126.5,126.45,R,126.45
2021-07-19 13:04:00+05:30,126.0,125.95,R,125.95
2021-07-19 13:53:00+05:30,126.6,126.45,R,126.45
2021-07-19 14:32:00+05:30,125.65,125.5,R,125.5
2021-07-19 14:33:00+05:30,125.55,125.5,R,125.5
2021-07-19 14:36:00+05:30,125.5,125.3,R,125.3
2021-07-19 15:14:00+05:30,126.0,125.75,R,125.75
2021-07-20 09:36:00+05:30,124.55,124.25,R,124.25
2021-07-20 09:39:00+05:30,124.3,124.1,R,124.1
2021-07-20 10:14:00+05:30,124.65,124.6,R,124.6
2021-07-20 13:18:00+05:30,122.9,122.85,R,122.85
2021-07-20 14:36:00+05:30,122.65,122.55,R,122.55
2021-07-20 15:02:00+05:30,122.4,122.3,R,122.3
2021-07-20 15:08:00+05:30,122.15,122.0,R,122.0
2021-07-22 09:59:00+05:30,122.85,122.6,R,122.6
2021-07-22 11:37:00+05:30,122.85,122.8,R,122.8
2021-07-22 14:28:00+05:30,122.9,122.8,R,122.8
2021-07-22 14:35:00+05:30,122.75,122.65,R,122.65
2021-07-22 14:41:00+05:30,122.75,122.6,R,122.6
2021-07-23 10:22:00+05:30,124.2,124.0,R,124.0
2021-07-23 10:46:00+05:30,123.65,123.55,R,123.55
2021-07-23 11:55:00+05:30,124.05,124.0,R,124.0
2021-07-23 12:09:00+05:30,124.1,124.05,R,124.05
2021-07-23 12:31:00+05:30,123.95,123.9,R,123.9
2021-07-23 12:49:00+05:30,124.35,124.25,R,124.25
2021-07-23 12:56:00+05:30,124.25,124.1,R,124.1
2021-07-23 13:42:00+05:30,124.2,124.15,R,124.15
2021-07-23 13:44:00+05:30,124.15,124.05,R,124.05
2021-07-23 13:46:00+05:30,124.05,124.0,R,124.0
2021-07-23 13:58:00+05:30,124.05,124.0,R,124.0
2021-07-23 14:02:00+05:30,124.0,123.9,R,123.9
2021-07-23 14:20:00+05:30,123.85,123.75,R,123.75
2021-07-23 14:21:00+05:30,123.8,123.75,R,123.75
2021-07-23 15:01:00+05:30,123.3,123.25,R,123.25
2021-07-23 15:07:00+05:30,123.0,122.9,R,122.9
2021-07-23 15:14:00+05:30,122.9,122.85,R,122.85
2021-07-26 10:17:00+05:30,122.9,122.75,R,122.75
2021-07-26 10:38:00+05:30,123.15,123.05,R,123.05
2021-07-26 10:43:00+05:30,123.15,123.0,R,123.0
2021-07-26 11:02:00+05:30,123.1,123.05,R,123.05
2021-07-26 11:13:00+05:30,123.0,122.95,R,122.95
2021-07-26 11:41:00+05:30,122.85,122.75,R,122.75
2021-07-26 12:07:00+05:30,122.6,122.5,R,122.5
2021-07-26 12:15:00+05:30,122.6,122.5,R,122.5
2021-07-26 12:30:00+05:30,123.15,123.0,R,123.0
2021-07-26 12:51:00+05:30,123.4,123.35,R,123.35
2021-07-26 12:55:00+05:30,123.35,123.3,R,123.3
2021-07-26 13:02:00+05:30,123.65,123.55,R,123.55
2021-07-26 13:10:00+05:30,123.6,123.5,R,123.5
2021-07-26 13:28:00+05:30,123.5,123.45,R,123.45
2021-07-26 13:30:00+05:30,123.5,123.4,R,123.4
2021-07-26 13:32:00+05:30,123.45,123.3,R,123.3
2021-07-26 13:45:00+05:30,123.45,123.35,R,123.35
2021-07-26 13:52:00+05:30,123.35,123.25,R,123.25
2021-07-26 13:53:00+05:30,123.3,123.25,R,123.25
2021-07-26 13:56:00+05:30,123.25,123.2,R,123.2
2021-07-26 14:07:00+05:30,123.35,123.25,R,123.25
2021-07-26 14:11:00+05:30,123.25,123.2,R,123.2
2021-07-26 14:17:00+05:30,123.3,123.25,R,123.25
2021-07-26 14:20:00+05:30,123.3,123.2,R,123.2
2021-07-26 14:25:00+05:30,123.3,123.2,R,123.2
2021-07-26 14:28:00+05:30,123.3,123.2,R,123.2
2021-07-26 14:31:00+05:30,123.25,123.05,R,123.05
2021-07-26 14:35:00+05:30,122.95,122.85,R,122.85
2021-07-26 15:03:00+05:30,122.7,122.65,R,122.65
2021-07-26 15:16:00+05:30,122.65,122.55,R,122.55
2021-07-27 09:40:00+05:30,123.2,123.1,R,123.1
2021-07-27 10:17:00+05:30,123.4,123.35,R,123.35
2021-07-27 10:32:00+05:30,123.5,123.45,R,123.45
2021-07-27 13:21:00+05:30,121.2,121.05,R,121.05
2021-07-27 13:38:00+05:30,121.3,121.25,R,121.25
2021-07-27 13:54:00+05:30,121.5,121.4,R,121.4
2021-07-27 14:07:00+05:30,121.25,121.2,R,121.2
2021-07-27 14:14:00+05:30,121.25,121.15,R,121.15
2021-07-27 14:26:00+05:30,121.0,120.9,R,120.9
2021-07-27 14:35:00+05:30,121.05,121.0,R,121.0
2021-07-27 15:28:00+05:30,121.45,121.4,R,121.4
2021-07-28 10:17:00+05:30,120.5,120.4,R,120.4
2021-07-28 10:25:00+05:30,120.2,120.15,R,120.15
2021-07-28 10:27:00+05:30,120.25,120.1,R,120.1
2021-07-28 10:28:00+05:30,120.15,120.1,R,120.1
2021-07-28 12:56:00+05:30,120.6,120.45,R,120.45
2021-07-28 13:05:00+05:30,120.35,120.25,R,120.25
2021-07-28 13:48:00+05:30,120.9,120.85,R,120.85
2021-07-28 14:53:00+05:30,120.45,120.4,R,120.4
2021-07-28 14:57:00+05:30,120.6,120.5,R,120.5
2021-07-28 14:58:00+05:30,120.55,120.5,R,120.5
2021-07-29 09:49:00+05:30,121.5,121.45,R,121.45
2021-07-29 10:53:00+05:30,121.85,121.8,R,121.8
2021-07-29 10:59:00+05:30,121.9,121.85,R,121.85
2021-07-29 11:13:00+05:30,121.75,121.65,R,121.65
2021-07-29 11:33:00+05:30,121.7,121.6,R,121.6
2021-07-29 12:27:00+05:30,121.65,121.6,R,121.6
2021-07-29 13:30:00+05:30,122.3,122.2,R,122.2
2021-07-29 14:14:00+05:30,123.9,123.65,R,123.65
2021-07-30 10:02:00+05:30,124.7,124.6,R,124.6
2021-07-30 10:19:00+05:30,124.55,124.5,R,124.5
2021-07-30 11:34:00+05:30,125.2,125.15,R,125.15
2021-07-30 11:36:00+05:30,125.25,125.1,R,125.1
2021-07-30 11:50:00+05:30,125.55,125.5,R,125.5
2021-07-30 11:56:00+05:30,125.5,125.3,R,125.3
2021-07-30 11:57:00+05:30,125.35,125.3,R,125.3
2021-07-30 12:04:00+05:30,125.45,125.3,R,125.3
2021-07-30 12:15:00+05:30,125.1,125.05,R,125.05
2021-07-30 14:39:00+05:30,125.85,125.75,R,125.75
2021-08-02 10:20:00+05:30,129.2,129.05,R,129.05
2021-08-02 10:22:00+05:30,129.0,128.85,R,128.85
2021-08-02 10:27:00+05:30,128.95,128.9,R,128.9
2021-08-02 11:23:00+05:30,129.45,129.35,R,129.35
2021-08-02 12:07:00+05:30,129.05,128.95,R,128.95
2021-08-02 12:35:00+05:30,128.8,128.75,R,128.75
2021-08-02 12:36:00+05:30,128.8,128.75,R,128.75
2021-08-02 13:10:00+05:30,129.35,129.3,R,129.3
2021-08-02 14:06:00+05:30,129.75,129.65,R,129.65
2021-08-02 15:22:00+05:30,133.7,133.5,R,133.5
2021-08-03 09:25:00+05:30,134.35,133.85,R,133.85
2021-08-03 09:51:00+05:30,132.55,132.5,R,132.5
2021-08-03 10:20:00+05:30,133.45,133.2,R,133.2
2021-08-03 10:21:00+05:30,133.25,133.2,R,133.2
2021-08-03 10:35:00+05:30,133.4,133.25,R,133.25
2021-08-03 10:38:00+05:30,133.35,133.25,R,133.25
2021-08-03 11:16:00+05:30,134.2,134.1,R,134.1
2021-08-03 12:05:00+05:30,133.6,133.55,R,133.55
2021-08-03 13:11:00+05:30,133.75,133.65,R,133.65
2021-08-03 13:32:00+05:30,133.5,133.4,R,133.4
2021-08-03 14:01:00+05:30,133.1,133.0,R,133.0
2021-08-03 14:28:00+05:30,133.2,133.15,R,133.15
2021-08-03 14:54:00+05:30,132.95,132.9,R,132.9
2021-08-04 09:39:00+05:30,132.75,132.5,R,132.5
2021-08-04 09:47:00+05:30,132.2,132.15,R,132.15
2021-08-04 09:48:00+05:30,132.2,132.15,R,132.15
2021-08-04 10:01:00+05:30,132.6,132.4,R,132.4
2021-08-04 10:02:00+05:30,132.5,132.4,R,132.4
2021-08-04 10:17:00+05:30,133.15,132.9,R,132.9
2021-08-04 10:20:00+05:30,132.95,132.9,R,132.9
2021-08-04 10:23:00+05:30,132.95,132.8,R,132.8
2021-08-04 10:26:00+05:30,132.95,132.9,R,132.9
2021-08-04 13:16:00+05:30,130.9,130.85,R,130.85
2021-08-04 13:21:00+05:30,131.4,131.25,R,131.25
2021-08-04 14:27:00+05:30,132.4,132.3,R,132.3
2021-08-04 15:08:00+05:30,131.85,131.7,R,131.7
2021-08-04 15:09:00+05:30,131.8,131.7,R,131.7
2021-08-04 15:19:00+05:30,131.55,131.35,R,131.35
2021-08-05 09:17:00+05:30,131.75,131.4,R,131.4
2021-08-05 09:18:00+05:30,131.45,131.4,R,131.4
2021-08-05 12:17:00+05:30,132.25,132.15,R,132.15
2021-08-05 12:31:00+05:30,132.4,132.35,R,132.35
2021-08-05 12:54:00+05:30,132.4,132.35,R,132.35
2021-08-05 13:25:00+05:30,132.45,132.3,R,132.3
2021-08-05 13:45:00+05:30,131.95,131.9,R,131.9
2021-08-05 13:55:00+05:30,131.95,131.8,R,131.8
2021-08-05 14:31:00+05:30,131.9,131.75,R,131.75
2021-08-06 09:21:00+05:30,136.2,135.75,R,135.75
2021-08-06 09:23:00+05:30,135.75,135.55,R,135.55
2021-08-06 10:23:00+05:30,136.15,136.05,R,136.05
2021-08-06 11:16:00+05:30,136.25,136.1,R,136.1
2021-08-06 11:17:00+05:30,136.15,136.1,R,136.1
2021-08-06 12:18:00+05:30,136.4,136.35,R,136.35
2021-08-06 12:19:00+05:30,136.4,136.35,R,136.35
2021-08-06 12:22:00+05:30,136.3,136.2,R,136.2
2021-08-06 13:28:00+05:30,135.6,135.5,R,135.5
2021-08-06 13:56:00+05:30,136.15,136.0,R,136.0
2021-08-06 14:23:00+05:30,136.5,136.45,R,136.45
2021-08-06 14:28:00+05:30,136.45,136.3,R,136.3
2021-08-06 14:55:00+05:30,135.75,135.6,R,135.6
2021-08-06 15:01:00+05:30,135.65,135.55,R,135.55
2021-08-06 09:21:00+05:30,136.2,135.75,R,135.75
2021-08-06 09:23:00+05:30,135.75,135.55,R,135.55
2021-08-06 10:23:00+05:30,136.15,136.05,R,136.05
2021-08-06 11:16:00+05:30,136.25,136.1,R,136.1
2021-08-06 11:17:00+05:30,136.15,136.1,R,136.1
2021-08-06 12:18:00+05:30,136.4,136.35,R,136.35
2021-08-06 12:19:00+05:30,136.4,136.35,R,136.35
2021-08-06 12:22:00+05:30,136.3,136.2,R,136.2
2021-08-06 13:28:00+05:30,135.6,135.5,R,135.5
2021-08-06 13:56:00+05:30,136.15,136.0,R,136.0
2021-08-06 14:23:00+05:30,136.5,136.45,R,136.45
2021-08-06 14:28:00+05:30,136.45,136.3,R,136.3
2021-08-06 14:55:00+05:30,135.75,135.6,R,135.6
2021-08-06 15:01:00+05:30,135.65,135.55,R,135.55
2021-08-09 10:45:00+05:30,133.1,132.95,R,132.95
2021-08-09 10:53:00+05:30,133.45,133.3,R,133.3
2021-08-09 11:29:00+05:30,132.65,132.5,R,132.5
2021-08-09 11:33:00+05:30,132.65,132.55,R,132.55
2021-08-09 11:43:00+05:30,132.45,132.35,R,132.35
2021-08-09 12:45:00+05:30,131.85,131.75,R,131.75
2021-08-09 13:33:00+05:30,131.5,131.45,R,131.45
2021-08-09 14:04:00+05:30,131.85,131.75,R,131.75
2021-08-09 14:13:00+05:30,132.15,132.05,R,132.05
2021-08-09 14:36:00+05:30,132.0,131.9,R,131.9
2021-08-10 09:57:00+05:30,132.75,132.6,R,132.6
2021-08-10 10:15:00+05:30,132.05,131.9,R,131.9
2021-08-10 10:18:00+05:30,131.9,131.8,R,131.8
2021-08-10 11:40:00+05:30,132.3,132.2,R,132.2
2021-08-10 12:49:00+05:30,132.0,131.85,R,131.85
2021-08-10 13:02:00+05:30,131.45,131.35,R,131.35
2021-08-10 13:30:00+05:30,131.3,131.2,R,131.2
2021-08-10 14:10:00+05:30,128.7,128.55,R,128.55
2021-08-10 15:10:00+05:30,130.2,130.1,R,130.1
2021-08-10 15:20:00+05:30,130.15,129.95,R,129.95
2021-08-11 09:55:00+05:30,128.85,128.75,R,128.75
2021-08-11 10:38:00+05:30,128.2,128.15,R,128.15
2021-08-11 10:48:00+05:30,128.35,128.2,R,128.2
2021-08-11 10:51:00+05:30,128.05,128.0,R,128.0
2021-08-11 13:01:00+05:30,128.9,128.75,R,128.75
2021-08-11 13:54:00+05:30,129.35,129.25,R,129.25
2021-08-11 13:58:00+05:30,129.3,129.1,R,129.1
2021-08-11 14:28:00+05:30,129.15,129.0,R,129.0
2021-08-11 14:58:00+05:30,129.15,129.1,R,129.1
2021-08-11 15:13:00+05:30,129.65,129.55,R,129.55
2021-08-12 09:19:00+05:30,130.8,130.6,R,130.6
2021-08-12 09:28:00+05:30,131.0,130.8,R,130.8
2021-08-12 09:34:00+05:30,131.35,131.25,R,131.25
2021-08-12 09:42:00+05:30,131.35,131.15,R,131.15
2021-08-12 09:59:00+05:30,132.6,132.5,R,132.5
2021-08-12 10:34:00+05:30,131.85,131.8,R,131.8
2021-08-12 11:35:00+05:30,131.3,131.25,R,131.25
2021-08-12 12:10:00+05:30,131.5,131.3,R,131.3
2021-08-12 12:24:00+05:30,131.55,131.45,R,131.45
2021-08-12 12:28:00+05:30,131.55,131.5,R,131.5
2021-08-12 12:40:00+05:30,132.15,132.05,R,132.05
2021-08-12 12:42:00+05:30,132.05,131.95,R,131.95
2021-08-12 12:43:00+05:30,132.0,131.95,R,131.95
2021-08-12 12:49:00+05:30,131.95,131.9,R,131.9
2021-08-12 13:11:00+05:30,131.15,131.1,R,131.1
2021-08-12 13:46:00+05:30,131.85,131.7,R,131.7
2021-08-12 13:50:00+05:30,131.7,131.65,R,131.65
2021-08-12 14:05:00+05:30,131.7,131.65,R,131.65
2021-08-12 14:18:00+05:30,131.45,131.3,R,131.3
2021-08-12 14:28:00+05:30,131.45,131.4,R,131.4
2021-08-12 15:14:00+05:30,133.85,133.8,R,133.8
2021-08-12 15:24:00+05:30,133.75,133.7,R,133.7
2021-08-13 09:21:00+05:30,133.5,133.35,R,133.35
2021-08-13 09:32:00+05:30,133.9,133.75,R,133.75
2021-08-13 10:36:00+05:30,134.0,133.9,R,133.9
2021-08-13 10:44:00+05:30,133.95,133.8,R,133.8
2021-08-13 10:52:00+05:30,134.05,134.0,R,134.0
2021-08-13 11:55:00+05:30,133.7,133.5,R,133.5
2021-08-13 12:07:00+05:30,133.35,133.25,R,133.25
2021-08-13 14:29:00+05:30,132.95,132.85,R,132.85
2021-08-13 14:47:00+05:30,133.0,132.9,R,132.9
2021-08-13 14:55:00+05:30,133.0,132.85,R,132.85
2021-08-13 15:03:00+05:30,132.95,132.9,R,132.9
2021-08-13 15:19:00+05:30,132.5,132.4,R,132.4
2021-08-16 09:30:00+05:30,132.9,132.6,R,132.6
2021-08-16 09:57:00+05:30,132.3,132.2,R,132.2
2021-08-16 10:03:00+05:30,132.65,132.55,R,132.55
2021-08-16 10:16:00+05:30,133.1,132.95,R,132.95
2021-08-16 10:32:00+05:30,133.25,133.15,R,133.15
2021-08-16 10:34:00+05:30,133.2,133.05,R,133.05
2021-08-16 10:55:00+05:30,133.2,133.1,R,133.1
2021-08-16 11:30:00+05:30,133.15,133.1,R,133.1
2021-08-16 11:55:00+05:30,132.95,132.9,R,132.9
2021-08-16 12:03:00+05:30,132.9,132.8,R,132.8
2021-08-16 12:04:00+05:30,132.85,132.8,R,132.8
2021-08-16 12:14:00+05:30,133.0,132.95,R,132.95
2021-08-16 13:29:00+05:30,132.2,132.15,R,132.15
2021-08-16 13:50:00+05:30,131.95,131.8,R,131.8
2021-08-16 14:59:00+05:30,132.3,132.25,R,132.25
2021-08-16 15:05:00+05:30,132.3,132.1,R,132.1
2021-08-16 15:19:00+05:30,132.2,132.1,R,132.1
2021-08-17 09:46:00+05:30,132.3,132.25,R,132.25
2021-08-17 10:09:00+05:30,131.7,131.6,R,131.6
2021-08-17 10:39:00+05:30,131.75,131.6,R,131.6
2021-08-17 10:43:00+05:30,131.7,131.65,R,131.65
2021-08-17 11:05:00+05:30,131.45,131.4,R,131.4
2021-08-17 11:06:00+05:30,131.45,131.4,R,131.4
2021-08-17 11:07:00+05:30,131.5,131.4,R,131.4
2021-08-17 12:51:00+05:30,129.8,129.75,R,129.75
2021-08-17 13:27:00+05:30,130.15,129.7,R,129.7
2021-08-17 14:35:00+05:30,130.8,130.75,R,130.75
2021-08-17 14:37:00+05:30,130.8,130.75,R,130.75
2021-08-17 15:29:00+05:30,130.9,130.85,R,130.85
2021-08-18 09:57:00+05:30,130.75,130.7,R,130.7
2021-08-18 11:09:00+05:30,130.65,130.6,R,130.6
2021-08-18 11:53:00+05:30,131.0,130.9,R,130.9
2021-08-18 12:55:00+05:30,130.6,130.55,R,130.55
2021-08-18 12:58:00+05:30,130.6,130.5,R,130.5
2021-08-18 13:21:00+05:30,130.95,130.9,R,130.9
2021-08-18 13:22:00+05:30,130.95,130.9,R,130.9
2021-08-18 14:35:00+05:30,130.85,130.8,R,130.8
2021-08-18 14:44:00+05:30,130.9,130.75,R,130.75
2021-08-18 14:45:00+05:30,130.8,130.75,R,130.75
2021-08-18 15:02:00+05:30,130.65,130.6,R,130.6
2021-08-18 15:03:00+05:30,130.65,130.6,R,130.6
2021-08-18 15:05:00+05:30,130.6,130.55,R,130.55
2021-08-18 15:19:00+05:30,130.4,130.25,R,130.25
